,Rank,Name,Country,2020 Population,2019 Population,Change
0,1,Tokyo,Japan,37393128,37435192.0,-0.11%
1,2,Delhi,India,30290936,29399140.0,3.03%
2,3,Shanghai,China,27058480,26317104.0,2.82%
3,4,Sao Paulo,Brazil,22043028,21846508.0,0.90%
4,5,Mexico City,Mexico,21782378,21671908.0,0.51%
5,6,Dhaka,Bangladesh,21005860,20283552.0,3.56%
6,7,Cairo,Egypt,20900604,20484964.0,2.03%
7,8,Beijing,China,20462610,20035456.0,2.13%
8,9,Mumbai,India,20411274,20185064.0,1.12%
9,10,Osaka,Japan,19165340,19222664.0,-0.30%
10,11,Karachi,Pakistan,16093786,15741406.0,2.24%
11,12,Chongqing,China,15872179,15354067.0,3.37%
12,13,Istanbul,Turkey,15190336,14967667.0,1.49%
13,14,Buenos Aires,Argentina,15153729,15057273.0,0.64%
14,15,Kolkata,India,14850066,14755186.0,0.64%
15,16,Lagos,Nigeria,14368332,13903620.0,3.34%
16,17,Kinshasa,Dr Congo,14342439,13743278.0,4.36%
17,18,Manila,Philippines,13923452,13698889.0,1.64%
18,19,Tianjin,China,13589078,13396402.0,1.44%
19,20,Rio De Janeiro,Brazil,13458075,13374275.0,0.63%
20,21,Guangzhou,China,13301532,12967862.0,2.57%
21,22,Lahore,Pakistan,12642423,12188196.0,3.73%
22,23,Moscow,Russia,12537954,12476171.0,0.50%
23,24,Shenzhen,China,12356820,12128721.0,1.88%
24,25,Bangalore,India,12326532,11882666.0,3.74%
25,26,Paris,France,11017230,10958187.0,0.54%
26,27,Bogota,Colombia,10978360,10779376.0,1.85%
27,28,Chennai,India,10971108,10711243.0,2.43%
28,29,Jakarta,Indonesia,10770487,10638689.0,1.24%
29,30,Lima,Peru,10719188,10554712.0,1.56%
30,31,Bangkok,Thailand,10539415,10350204.0,1.83%
31,32,Hyderabad,India,10004144,9741397.0,2.70%
32,33,Seoul,South Korea,9963452,9962393.0,0.01%
33,34,Nagoya,Japan,9552132,9532059.0,0.21%
34,35,London,United Kingdom,9304016,9176530.0,1.39%
35,36,Chengdu,China,9135768,8971839.0,1.83%
36,37,Tehran,Iran,9134708,9013663.0,1.34%
37,38,Nanjing,China,8847372,8545577.0,3.53%
38,39,Ho Chi Minh City,Vietnam,8602317,8371428.0,2.76%
39,40,Wuhan,China,8364977,8266273.0,1.19%
40,41,Luanda,Angola,8329798,8044735.0,3.54%
41,42,New York City City,United States,8283550,8336820.0,-0.64%
42,43,Ahmedabad,India,8059441,7868633.0,2.42%
43,44,Xi An Shaanxi,China,8000965,7722254.0,3.61%
44,45,Kuala Lumpur,Malaysia,7996830,7780301.0,2.78%
45,46,Hangzhou,China,7642147,7437993.0,2.74%
46,47,Hong Kong,Hong Kong,7547652,7490776.0,0.76%
47,48,Dongguan,China,7407852,7378500.0,0.40%
48,49,Foshan,China,7326852,7257143.0,0.96%
49,50,Riyadh,Saudi Arabia,7231447,7070665.0,2.27%
50,51,Shenyang,China,7220104,7069012.0,2.14%
51,52,Surat,India,7184590,6873756.0,4.52%
52,53,Baghdad,Iraq,7144260,6974439.0,2.43%
53,54,Suzhou,China,7069992,6703499.0,5.47%
54,55,Santiago,Chile,6767223,6723516.0,0.65%
55,56,Dar Es Salaam,Tanzania,6701650,6368272.0,5.23%
56,57,Pune,India,6629347,6451618.0,2.75%
57,58,Madrid,Spain,6617513,6559041.0,0.89%
58,59,Haerbin,China,6387195,6249824.0,2.20%
59,60,Toronto,Canada,6196731,6139404.0,0.93%
60,61,Belo Horizonte,Brazil,6084430,6028319.0,0.93%
61,62,Singapore,Singapore,5935053,5868104.0,1.14%
62,63,Khartoum,Sudan,5828858,5677921.0,2.66%
63,64,Johannesburg,South Africa,5782747,5635127.0,2.62%
64,65,Qingdao,China,5619977,5499117.0,2.20%
65,66,Dalian,China,5617849,5458521.0,2.92%
66,67,Barcelona,Spain,5585556,5541127.0,0.80%
67,68,Fukuoka,Japan,5528632,5540084.0,-0.21%
68,69,Saint Petersburg,Russia,5467808,5426959.0,0.75%
69,70,Ji Nan Shandong,China,5360185,5205402.0,2.97%
70,71,Yangon,Myanmar,5331800,5243989.0,1.67%
71,72,Zhengzhou,China,5322696,5131377.0,3.73%
72,73,Alexandria,Egypt,5280664,5182450.0,1.90%
73,74,Abidjan,Ivory Coast,5202762,5058550.0,2.85%
74,75,Guadalajara,Mexico,5179479,5100527.0,1.55%
75,76,Ankara,Turkey,5117603,5017996.0,1.98%
76,77,Chittagong,Bangladesh,5019824,4914633.0,2.14%
77,78,Melbourne,Australia,4967733,4870388.0,2.00%
78,79,Sydney,Australia,4925987,4859432.0,1.37%
79,80,Monterrey,Mexico,4874095,4792864.0,1.69%
80,81,Addis Ababa,Ethiopia,4793699,4591983.0,4.39%
81,82,Nairobi,Kenya,4734881,4556381.0,3.92%
82,83,Hanoi,Vietnam,4678198,4479629.0,4.43%
83,84,Brasilia,Brazil,4645843,4558991.0,1.91%
84,85,Cape Town,South Africa,4617560,4524111.0,2.07%
85,86,Jiddah,Saudi Arabia,4610176,4522216.0,1.95%
86,87,Changsha,China,4577723,4460622.0,2.63%
87,88,Kunming,China,4443186,4335924.0,2.47%
88,89,Changchun,China,4425761,4332263.0,2.16%
89,90,Xinbei,Taiwan,4398383,4361480.0,0.85%
90,91,Urumqi,China,4368865,4189926.0,4.27%
91,92,Shantou,China,4327316,4249233.0,1.84%
92,93,Rome,Italy,4257056,4234019.0,0.54%
93,94,Hefei,China,4241514,4110366.0,3.19%
94,95,Kabul,Afghanistan,4221532,4114029.0,2.61%
95,96,Montreal,Canada,4220566,4195523.0,0.60%
96,97,Tel Aviv,Israel,4181479,4096962.0,2.06%
97,98,Porto Alegre,Brazil,4137417,4115354.0,0.54%
98,99,Recife,Brazil,4127091,4077746.0,1.21%
99,100,Ningbo,China,4116209,3965588.0,3.80%
100,101,Shijiazhuang,China,4114393,4031021.0,2.07%
101,102,Fortaleza,Brazil,4073465,4025753.0,1.19%
102,103,Medellin,Colombia,4000263,3966906.0,0.84%
103,104,Kano,Nigeria,3999050,3905598.0,2.39%
104,105,Yaounde,Cameroon,3992411,3822425.0,4.45%
105,106,Los Angeles,United States,3966940,3966940.0,0.00%
106,107,Jaipur,India,3909333,3812262.0,2.55%
107,108,Ekurhuleni,South Africa,3894262,3817938.0,2.00%
108,109,Taiyuan Shanxi,China,3891127,3807407.0,2.20%
109,110,Nanning,China,3859608,3743602.0,3.10%
110,111,Salvador,Brazil,3839076,3796634.0,1.12%
111,112,Casablanca,Morocco,3752357,3716093.0,0.98%
112,113,Xiamen,China,3720141,3651537.0,1.88%
113,114,Fuzhou Fujian,China,3685701,3608056.0,2.15%
114,115,Curitiba,Brazil,3678732,3629408.0,1.36%
115,116,Lucknow,India,3676515,3589795.0,2.42%
116,117,Douala,Cameroon,3663227,3536119.0,3.59%
117,118,Changzhou,China,3625328,3498645.0,3.62%
118,119,Wenzhou,China,3623646,3521172.0,2.91%
119,120,Nanchang,China,3598421,3485364.0,3.24%
120,121,Berlin,Germany,3562038,3556792.0,0.15%
121,122,Kozhikode,India,3555411,3364657.0,5.67%
122,123,Ibadan,Nigeria,3551961,3463855.0,2.54%
123,124,Busan,South Korea,3465190,3465633.0,-0.01%
124,125,Faisalabad,Pakistan,3462295,3385342.0,2.27%
125,126,Tangshan Hebei,China,3425638,3285328.0,4.27%
126,127,Bekasi,Indonesia,3394273,3276733.0,3.59%
127,128,Malappuram,India,3391277,3169457.0,7.00%
128,129,Antananarivo,Madagascar,3368585,3210386.0,4.93%
129,130,Kumasi,Ghana,3348062,3205586.0,4.44%
130,131,Asuncion,Paraguay,3336562,3279160.0,1.75%
131,132,Santo Domingo,Dominican Republic,3317784,3245021.0,2.24%
132,133,Guiyang,China,3317110,3226249.0,2.82%
133,134,Campinas,Brazil,3300794,3255911.0,1.38%
134,135,Kampala,Uganda,3298364,3137690.0,5.12%
135,136,Abuja,Nigeria,3277740,3095118.0,5.90%
136,137,Wuxi,China,3256020,3198981.0,1.78%
137,138,Mashhad,Iran,3208336,3152482.0,1.77%
138,139,Puebla,Mexico,3194848,3145456.0,1.57%
139,140,Durban,South Africa,3158313,3144573.0,0.44%
140,141,Athens,Greece,3153355,3154152.0,-0.03%
141,142,Dakar,Senegal,3140442,3057065.0,2.73%
142,143,Milan,Italy,3140181,3136077.0,0.13%
143,144,Kanpur,India,3123990,3100285.0,0.76%
144,145,Kuwait City,Kuwait,3114553,3052493.0,2.03%
145,146,Pyongyang,North Korea,3084244,3060864.0,0.76%
146,147,Kochi,India,3082055,2969638.0,3.79%
147,148,Lanzhou,China,3080522,3007613.0,2.42%
148,149,Thrissur,India,3068164,2920761.0,5.05%
149,150,Port Harcourt,Nigeria,3020232,2873322.0,5.11%
150,151,Indore,India,3016713,2919295.0,3.34%
151,152,Guayaquil,Ecuador,2994218,2946158.0,1.63%
152,153,Izmir,Turkey,2992953,2963754.0,0.99%
153,154,Kiev,Ukraine,2988176,2973335.0,0.50%
154,155,Sanaa,Yemen,2972988,2874373.0,3.43%
155,156,Lisbon,Portugal,2956879,2942097.0,0.50%
156,157,Surabaya,Indonesia,2944403,2921630.0,0.78%
157,158,Caracas,Venezuela,2938992,2935501.0,0.12%
158,159,Guatemala City,Guatemala,2934841,2891230.0,1.51%
159,160,Shizuoka,Japan,2922320,2911784.0,0.36%
160,161,Zhongshan,China,2913974,2890965.0,0.80%
161,162,Nagpur,India,2893455,2849572.0,1.54%
162,163,Dubai,United Arab Emirates,2878344,2833079.0,1.60%
163,164,Incheon,South Korea,2801039,2782612.0,0.66%
164,165,Coimbatore,India,2786600,2713233.0,2.70%
165,166,Cali,Colombia,2781980,2754078.0,1.01%
166,167,Ouagadougou,Burkina Faso,2780331,2652720.0,4.81%
167,168,Lusaka,Zambia,2774133,2646619.0,4.82%
168,169,Port Au Prince,Haiti,2773553,2704187.0,2.57%
169,170,Algiers,Algeria,2767661,2729325.0,1.40%
170,171,Manchester,United Kingdom,2730076,2710074.0,0.74%
171,172,Depok,Indonesia,2727209,2615154.0,4.28%
172,173,Handan,China,2726835,2627364.0,3.79%
173,174,Taibei,Taiwan,2721485,2713112.0,0.31%
174,175,Goiania,Brazil,2690011,2628413.0,2.34%
175,176,Chicago,United States,2686530,2693980.0,-0.28%
176,177,Sapporo,Japan,2669680,2667852.0,0.07%
177,178,Huaian,China,2655320,2537652.0,4.64%
178,179,Weifang,China,2653989,2560068.0,3.67%
179,180,Zibo,China,2639735,2596275.0,1.67%
180,181,Bamako,Mali,2617686,2529328.0,3.49%
181,182,Birmingham,United Kingdom,2607437,2588566.0,0.73%
182,183,Thiruvananthapuram,India,2584752,2476928.0,4.35%
183,184,Vancouver,Canada,2581079,2555884.0,0.99%
184,185,Bandung,Indonesia,2580191,2557561.0,0.88%
185,186,Pretoria,South Africa,2565660,2472612.0,3.76%
186,187,Shaoxing,China,2540018,2444934.0,3.89%
187,188,Yantai,China,2526702,2442581.0,3.44%
188,189,Mbuji Mayi,Dr Congo,2525263,2412532.0,4.67%
189,190,Huizhou,China,2524543,2441944.0,3.38%
190,191,Tashkent,Uzbekistan,2517381,2490334.0,1.09%
191,192,Accra,Ghana,2514005,2475208.0,1.57%
192,193,Lubumbashi,Dr Congo,2478262,2377495.0,4.24%
193,194,Toluca De Lerdo,Mexico,2467241,2410875.0,2.34%
194,195,San Juan,Puerto Rico,2448417,2451375.0,-0.12%
195,196,Patna,India,2436447,2393476.0,1.80%
196,197,Beirut,Lebanon,2424425,2406875.0,0.73%
197,198,Brisbane,Australia,2406182,2372335.0,1.43%
198,199,Damascus,Syria,2392045,2353637.0,1.63%
199,200,Bhopal,India,2389547,2333106.0,2.42%
200,201,Brazzaville,Republic Of The Congo,2388090,2308076.0,3.47%
201,202,Luoyang,China,2387094,2311242.0,3.28%
202,203,Tunis,Tunisia,2365201,2327822.0,1.61%
203,204,Baku,Azerbaijan,2341443,2313138.0,1.22%
204,205,Tangerang,Indonesia,2338547,2279906.0,2.57%
205,206,Medan,Indonesia,2337958,2310522.0,1.19%
206,207,Belem,Brazil,2334462,2307615.0,1.16%
207,208,Sendai,Japan,2327417,2317722.0,0.42%
208,209,Houston,United States,2321960,2320270.0,0.07%
209,210,Mogadishu,Somalia,2282009,2179855.0,4.69%
210,211,Nantong,China,2275777,2199133.0,3.49%
211,212,Barranquilla,Colombia,2272914,2245912.0,1.20%
212,213,Manaus,Brazil,2260788,2216713.0,1.99%
213,214,Maracaibo,Venezuela,2257999,2218693.0,1.77%
214,215,Taoyuan,Taiwan,2245162,2217749.0,1.24%
215,216,Rawalpindi,Pakistan,2236905,2195560.0,1.88%
216,217,Gujranwala,Pakistan,2229220,2168960.0,2.78%
217,218,Agra,India,2210246,2159903.0,2.33%
218,219,Peshawar,Pakistan,2202946,2133382.0,3.26%
219,220,Daegu,South Korea,2198962,2209367.0,-0.47%
220,221,Baotou,China,2190495,2142760.0,2.23%
221,222,Vadodara,India,2189973,2149130.0,1.90%
222,223,Naples,Italy,2186853,2191906.0,-0.23%
223,224,Visakhapatnam,India,2174968,2124948.0,2.35%
224,225,Kannur,India,2166906,2107309.0,2.83%
225,226,Liuzhou,China,2165257,2103506.0,2.94%
226,227,Hohhot,China,2163394,2085969.0,3.71%
227,228,Amman,Jordan,2148293,2108509.0,1.89%
228,229,Xuzhou,China,2145970,2099308.0,2.22%
229,230,Havana,Cuba,2140423,2138419.0,0.09%
230,231,Tijuana,Mexico,2140398,2099293.0,1.96%
231,232,Esfahan,Iran,2132037,2086356.0,2.19%
232,233,Hiroshima,Japan,2083223,2089157.0,-0.28%
233,234,Brussels,Belgium,2080788,2065284.0,0.75%
234,235,Phnom Penh,Cambodia,2077757,2014015.0,3.16%
235,236,Grande Vitoria,Brazil,2075857,2039962.0,1.76%
236,237,Nashik,India,2065728,2008598.0,2.84%
237,238,Mecca,Saudi Arabia,2042106,2004888.0,1.86%
238,239,Perth,Australia,2041959,2016415.0,1.27%
239,240,Vijayawada,India,2039845,1975188.0,3.27%
240,241,Minsk,Belarus,2028104,2016677.0,0.57%
241,242,Multan,Pakistan,2015091,1972432.0,2.16%
242,243,Yangzhou,China,1992773,1946377.0,2.38%
243,244,Bursa,Turkey,1986268,1951161.0,1.80%
244,245,Baoding,China,1975790,1932104.0,2.26%
245,246,Conakry,Guinea,1938272,1889233.0,2.60%
246,247,Linyi Shandong,China,1936908,1889824.0,2.49%
247,248,Taizhou Zhejiang,China,1934847,1876402.0,3.11%
248,249,Vienna,Austria,1929944,1915338.0,0.76%
249,250,Aleppo,Syria,1916781,1834093.0,4.51%
250,251,Valencia,Venezuela,1910188,1885255.0,1.32%
251,252,Putian,China,1907350,1809304.0,5.42%
252,253,Almaty,Kazakhstan,1895742,1862809.0,1.77%
253,254,Baixada Santista,Brazil,1892314,1872844.0,1.04%
254,255,West Yorkshire,United Kingdom,1889095,1876395.0,0.68%
255,256,Haikou,China,1889071,1846864.0,2.29%
256,257,Rabat,Morocco,1884802,1864851.0,1.07%
257,258,Rajkot,India,1878032,1822437.0,3.05%
258,259,Quito,Ecuador,1873763,1847748.0,1.41%
259,260,Wuhu Anhui,China,1870281,1777511.0,5.22%
260,261,Semarang,Indonesia,1866492,1832670.0,1.85%
261,262,Yancheng Jiangsu,China,1864424,1821247.0,2.37%
262,263,Panama City,Panama,1860291,1821693.0,2.12%
263,264,Daqing,China,1859001,1810606.0,2.67%
264,265,La Paz,Bolivia,1857797,1835355.0,1.22%
265,266,Ludhiana,India,1856849,1830424.0,1.44%
266,267,Kollam,India,1851558,1760698.0,5.16%
267,268,Hyderabad,Pakistan,1849829,1814914.0,1.92%
268,269,Lome,Togo,1827878,1785310.0,2.38%
269,270,Davao City,Philippines,1825450,1784942.0,2.27%
270,271,Leon De Los Aldamas,Mexico,1825080,1801979.0,1.28%
271,272,Lianyungang,China,1820127,1761551.0,3.33%
272,273,Bucharest,Romania,1803247,1812290.0,-0.50%
273,274,Turin,Italy,1792163,1789115.0,0.17%
274,275,Hamburg,Germany,1789954,1791120.0,-0.07%
275,276,Warsaw,Poland,1783251,1775933.0,0.41%
276,277,Adana,Turkey,1770850,1749869.0,1.20%
277,278,Budapest,Hungary,1768073,1763913.0,0.24%
278,279,Zhuhai,China,1759378,1715058.0,2.58%
279,280,Montevideo,Uruguay,1752388,1744700.0,0.44%
280,281,Datong,China,1745333,1701797.0,2.56%
281,282,Madurai,India,1734173,1704385.0,1.75%
282,283,Benin City,Nigeria,1727169,1676132.0,3.04%
283,284,Palembang,Indonesia,1722700,1693463.0,1.73%
284,285,Lyon,France,1719268,1704738.0,0.85%
285,286,Santa Cruz,Bolivia,1712688,1676912.0,2.13%
286,287,Matola,Mozambique,1705886,1668740.0,2.23%
287,288,Gaziantep,Turkey,1704118,1667798.0,2.18%
288,289,Meerut,India,1696440,1665859.0,1.84%
289,290,Quanzhou,China,1694076,1631153.0,3.86%
290,291,Jiangmen,China,1687310,1663153.0,1.45%
291,292,Sharjah,United Arab Emirates,1684649,1628932.0,3.42%
292,293,Glasgow,United Kingdom,1673332,1666632.0,0.40%
293,294,Varanasi,India,1664942,1639138.0,1.57%
294,295,Novosibirsk,Russia,1663748,1650185.0,0.82%
295,296,Xiangyang,China,1657726,1631785.0,1.59%
296,297,Shiraz,Iran,1651362,1627939.0,1.44%
297,298,Raipur,India,1642169,1581479.0,3.84%
298,299,Phoenix,United States,1633020,1633020.0,0.00%
299,300,Stockholm,Sweden,1632798,1608037.0,1.54%
300,301,Mosul,Iraq,1629932,1577979.0,3.29%
301,302,Anshan,China,1629166,1613590.0,0.97%
302,303,Can Tho,Vietnam,1617602,1530519.0,5.69%
303,304,La Laguna,Mexico,1614854,1553033.0,3.98%
304,305,Tabriz,Iran,1611133,1596171.0,0.94%
305,306,Cixi,China,1609221,1544524.0,4.19%
306,307,Marseille,France,1608236,1603434.0,0.30%
307,308,Auckland,New Zealand,1606564,1582028.0,1.55%
308,309,Jilin,China,1603332,1585383.0,1.13%
309,310,Jamshedpur,India,1599434,1570577.0,1.84%
310,311,Srinagar,India,1585774,1549803.0,2.32%
311,312,Philadelphia,United States,1584540,1584060.0,0.03%
312,313,Ulaanbaatar,Mongolia,1584358,1552654.0,2.04%
313,314,Makassar,Indonesia,1583553,1556025.0,1.77%
314,315,Karaj,Iran,1580413,1581403.0,-0.06%
315,316,Yinchuan,China,1579049,1530944.0,3.14%
316,317,Cordoba,Argentina,1571944,1559840.0,0.78%
317,318,Daejon,South Korea,1565656,1561931.0,0.24%
318,319,San Antonio,United States,1564490,1547250.0,1.11%
319,320,Qiqihaer,China,1559581,1536903.0,1.48%
320,321,Aurangabad,India,1558412,1517148.0,2.72%
321,322,Muscat,Oman,1549729,1501635.0,3.20%
322,323,Yichang,China,1548423,1490109.0,3.91%
323,324,Calgary,Canada,1547484,1512539.0,2.31%
324,325,Batam,Indonesia,1546064,1473274.0,4.94%
325,326,Xining,China,1539437,1495340.0,2.95%
326,327,Munich,Germany,1538302,1521417.0,1.11%
327,328,Gaoxiong,Taiwan,1537640,1534349.0,0.21%
328,329,Qinhuangdao,China,1535223,1483631.0,3.48%
329,330,Rosario,Argentina,1532128,1510253.0,1.45%
330,331,Harare,Zimbabwe,1529920,1521311.0,0.57%
331,332,Hengyang,China,1527107,1479887.0,3.19%
332,333,Gwangju,South Korea,1521506,1519448.0,0.14%
333,334,Ciudad Juarez,Mexico,1519214,1499224.0,1.33%
334,335,Monrovia,Liberia,1517235,1467026.0,3.42%
335,336,Yekaterinburg,Russia,1503812,1493370.0,0.70%
336,337,Tiruppur,India,1496389,1432643.0,4.45%
337,338,Jining Shandong,China,1494249,1471411.0,1.55%
338,339,Medina,Saudi Arabia,1488782,1459468.0,2.01%
339,340,Grande Sao Luis,Brazil,1485763,1472956.0,0.87%
340,341,Abu Dhabi,United Arab Emirates,1482816,1452057.0,2.12%
341,342,Jodhpur,India,1471900,1434312.0,2.62%
342,343,Edmonton,Canada,1461182,1429743.0,2.20%
343,344,Anyang,China,1460114,1393965.0,4.75%
344,345,Kananga,Dr Congo,1458400,1395418.0,4.51%
345,346,Natal,Brazil,1456844,1426562.0,2.12%
346,347,Jabalpur,India,1449787,1429683.0,1.41%
347,348,Tegucigalpa,Honduras,1444085,1403162.0,2.92%
348,349,Suqian,China,1440060,1357818.0,6.06%
349,350,Ranchi,India,1439195,1404095.0,2.50%
350,351,Huainan,China,1437838,1414863.0,1.62%
351,352,Mandalay,Myanmar,1437554,1405821.0,2.26%
352,353,Zhangjiakou,China,1434649,1400504.0,2.44%
353,354,Asansol,India,1431260,1410410.0,1.48%
354,355,Kharkiv,Ukraine,1429004,1432345.0,-0.23%
355,356,Chaozhou,China,1428383,1408284.0,1.43%
356,357,Kathmandu,Nepal,1423515,1376108.0,3.45%
357,358,N Djamena,Chad,1422547,1371524.0,3.72%
358,359,Onitsha,Nigeria,1414790,1348529.0,4.91%
359,360,San Diego,United States,1409570,1409570.0,0.00%
360,361,San Jose,Costa Rica,1399629,1378546.0,1.53%
361,362,Chon Buri,Thailand,1398645,1379856.0,1.36%
362,363,Belgrade,Serbia,1397939,1393717.0,0.30%
363,364,Zurich,Switzerland,1395356,1383092.0,0.89%
364,365,Allahabad,India,1393723,1373594.0,1.47%
365,366,Ottawa,Canada,1393086,1378151.0,1.08%
366,367,Kota,India,1386877,1342600.0,3.30%
367,368,Gwalior,India,1378375,1347582.0,2.29%
368,369,Joao Pessoa,Brazil,1378249,1362689.0,1.14%
369,370,Amritsar,India,1377371,1355875.0,1.59%
370,371,Basra,Iraq,1352210,1324763.0,2.07%
371,372,Taizhou Jiangsu,China,1348056,1314590.0,2.55%
372,373,Copenhagen,Denmark,1346485,1333888.0,0.94%
373,374,Dallas,United States,1345340,1343570.0,0.13%
374,375,Queretaro,Mexico,1339103,1313522.0,1.95%
375,376,Taian Shandong,China,1338828,1314249.0,1.87%
376,377,Adelaide,Australia,1336403,1328119.0,0.62%
377,378,Homs,Syria,1335804,1314355.0,1.63%
378,379,Yiwu,China,1334356,1280711.0,4.19%
379,380,Bucaramanga,Colombia,1331453,1313376.0,1.38%
380,381,Dhanbad,India,1331186,1316066.0,1.15%
381,382,Konya,Turkey,1328136,1299368.0,2.21%
382,383,Maceio,Brazil,1323039,1308693.0,1.10%
383,384,Taizhong,Taiwan,1320591,1302252.0,1.41%
384,385,Nouakchott,Mauritania,1314636,1258973.0,4.42%
385,386,Porto,Portugal,1312947,1309805.0,0.24%
386,387,Suweon,South Korea,1311321,1288887.0,1.74%
387,388,Samut Prakan,Thailand,1306937,1289380.0,1.36%
388,389,Prague,Czech Republic,1305737,1298804.0,0.53%
389,390,Helsinki,Finland,1304851,1292232.0,0.98%
390,391,Weihai,China,1304315,1260012.0,3.52%
391,392,Cochabamba,Bolivia,1303907,1270649.0,2.62%
392,393,Joinville,Brazil,1303141,1286622.0,1.28%
393,394,Hai Phong,Vietnam,1300088,1259429.0,3.23%
394,395,Mombasa,Kenya,1295975,1253811.0,3.36%
395,396,Niamey,Niger,1291848,1251511.0,3.22%
396,397,Qom,Iran,1287937,1264584.0,1.85%
397,398,Zhanjiang,China,1286854,1258677.0,2.24%
398,399,Fushun Liaoning,China,1285387,1285571.0,-0.01%
399,400,Ganzhou,China,1285039,1221386.0,5.21%
400,401,Sofia,Bulgaria,1280968,1276937.0,0.32%
401,402,Zunyi,China,1280960,1248480.0,2.60%
402,403,Dongying,China,1276028,1240313.0,2.88%
403,404,Mianyang Sichuan,China,1275851,1251619.0,1.94%
404,405,Kaifeng,China,1274287,1230265.0,3.58%
405,406,Kazan,Russia,1272063,1263412.0,0.68%
406,407,Rizhao,China,1270948,1228374.0,3.47%
407,408,Kisangani,Dr Congo,1261310,1213000.0,3.98%
408,409,Jiaxing,China,1259844,1199747.0,5.01%
409,410,Nizhniy Novgorod,Russia,1257754,1260885.0,-0.25%
410,411,Nanchong,China,1257726,1215280.0,3.49%
411,412,Bareilly,India,1255287,1225034.0,2.47%
412,413,Antalya,Turkey,1253872,1219140.0,2.85%
413,414,Port Elizabeth,South Africa,1253742,1241941.0,0.95%
414,415,Ad Dammam,Saudi Arabia,1252523,1225235.0,2.23%
415,416,Ahvaz,Iran,1244250,1227916.0,1.33%
416,417,Shiyan,China,1241450,1201843.0,3.30%
417,418,Florianopolis,Brazil,1239331,1218478.0,1.71%
418,419,Dublin,Ireland,1228179,1214666.0,1.11%
419,420,Chelyabinsk,Russia,1227795,1222108.0,0.47%
420,421,Fes,Morocco,1224080,1203655.0,1.70%
421,422,San Luis Potosi,Mexico,1216564,1197894.0,1.56%
422,423,Barquisimeto,Venezuela,1214362,1201421.0,1.08%
423,424,Pointe Noire,Republic Of The Congo,1214281,1175513.0,3.30%
424,425,Yingkou,China,1214047,1175701.0,3.26%
425,426,Aligarh,India,1210554,1176576.0,2.89%
426,427,Mysore,India,1209836,1185469.0,2.06%
427,428,Durg Bhilainagar,India,1207637,1191681.0,1.34%
428,429,Pekan Baru,Indonesia,1204883,1171388.0,2.86%
429,430,Maoming,China,1204716,1170342.0,2.94%
430,431,Maracay,Venezuela,1203227,1190295.0,1.09%
431,432,Freetown,Sierra Leone,1201900,1168424.0,2.87%
432,433,Tanger,Morocco,1197923,1156739.0,3.56%
433,434,Moradabad,India,1197000,1161757.0,3.03%
434,435,Liuan,China,1195907,1129312.0,5.90%
435,436,Tengzhou,China,1189963,1142079.0,4.19%
436,437,Zhuzhou,China,1186912,1165486.0,1.84%
437,438,Omsk,Russia,1182339,1183262.0,-0.08%
438,439,Zhenjiang Jiangsu,China,1173816,1148451.0,2.21%
439,440,Mendoza,Argentina,1172619,1153152.0,1.69%
440,441,Suzhou,China,1169932,1119054.0,4.55%
441,442,Liuyang,China,1169044,1094294.0,6.83%
442,443,Ruian,China,1168983,1128967.0,3.54%
443,444,Chiang Mai,Thailand,1166978,1151301.0,1.36%
444,445,Astana,Kazakhstan,1165983,1117621.0,4.33%
445,446,Tripoli,Libya,1165085,1160918.0,0.36%
446,447,Chifeng,China,1164793,1134936.0,2.63%
447,448,Tiruchirappalli,India,1164668,1148865.0,1.38%
448,449,Baoji,China,1164665,1131222.0,2.96%
449,450,Samara,Russia,1163296,1166932.0,-0.31%
450,451,Bhubaneswar,India,1162886,1131484.0,2.78%
451,452,Merida,Mexico,1161475,1141555.0,1.74%
452,453,Puning,China,1160045,1127512.0,2.89%
453,454,Pingdingshan Henan,China,1159981,1126438.0,2.98%
454,455,Bogor,Indonesia,1159719,1136981.0,2.00%
455,456,Benxi,China,1157413,1139256.0,1.59%
456,457,Amsterdam,Netherlands,1148972,1140339.0,0.76%
457,458,Chandigarh,India,1148472,1128743.0,1.75%
458,459,Haifa,Israel,1147431,1140844.0,0.58%
459,460,Jieyang,China,1146758,1097660.0,4.47%
460,461,Jinzhou,China,1145359,1122681.0,2.02%
461,462,Xiangtan Hunan,China,1142976,1115751.0,2.44%
462,463,Nanyang Henan,China,1142799,1115205.0,2.47%
463,464,Huaibei,China,1141734,1108939.0,2.96%
464,465,Krasnoyarsk,Russia,1137494,1124674.0,1.14%
465,466,Ufa,Russia,1136291,1132656.0,0.32%
466,467,Rostov On Don,Russia,1136201,1135196.0,0.09%
467,468,Uyo,Nigeria,1135775,1072932.0,5.86%
468,469,Guilin,China,1134393,1114826.0,1.76%
469,470,Kigali,Rwanda,1132101,1094796.0,3.41%
470,471,Islamabad,Pakistan,1129198,1095064.0,3.12%
471,472,Da Nang,Vietnam,1125316,1094576.0,2.81%
472,473,Jinhua,China,1122440,1073355.0,4.57%
473,474,Lilongwe,Malawi,1121720,1074695.0,4.38%
474,475,Mexicali,Mexico,1120872,1101419.0,1.77%
475,476,Mwanza,Tanzania,1120430,1060743.0,5.63%
476,477,Cologne,Germany,1118789,1107731.0,1.00%
477,478,Guwahati,India,1116740,1099613.0,1.56%
478,479,Hubli Dharwad,India,1116728,1097545.0,1.75%
479,480,Kaduna,Nigeria,1113210,1096706.0,1.50%
480,481,Maputo,Mozambique,1110477,1104314.0,0.56%
481,482,Aguascalientes,Mexico,1106453,1088041.0,1.69%
482,483,San Salvador,El Salvador,1105766,1105662.0,0.01%
483,484,Salem,India,1102463,1081911.0,1.90%
484,485,Quetta,Pakistan,1099546,1070245.0,2.74%
485,486,Bandar Lampung,Indonesia,1091512,1068768.0,2.13%
486,487,Zaozhuang,China,1087745,1074933.0,1.19%
487,488,Yerevan,Armenia,1086275,1083323.0,0.27%
488,489,Binzhou,China,1083867,1042112.0,4.01%
489,490,Yongin,South Korea,1083345,1061544.0,2.05%
490,491,Aba,Nigeria,1081466,1051017.0,2.90%
491,492,Xinxiang,China,1081031,1062361.0,1.76%
492,493,Bukavu,Dr Congo,1078002,1024513.0,5.22%
493,494,Tbilisi,Georgia,1077833,1077346.0,0.05%
494,495,Liupanshui,China,1077317,1021347.0,5.48%
495,496,Cuernavaca,Mexico,1075022,1059092.0,1.50%
496,497,Perm,Russia,1071419,1066952.0,0.42%
497,498,Goyang,South Korea,1069196,1054325.0,1.41%
498,499,Voronezh,Russia,1067719,1062031.0,0.54%
499,500,Managua,Nicaragua,1063698,1055472.0,0.78%
500,501,Pizhou,China,1063231,1010736.0,5.19%
501,502,Lille,France,1063085,1058458.0,0.44%
502,503,Cartagena,Colombia,1062622,1054694.0,0.75%
503,504,Yueqing,China,1060702,1021693.0,3.82%
504,505,Shimkent,Kazakhstan,1057936,1020604.0,3.66%
505,506,Tasikmalaya,Indonesia,1056485,999508.0,5.70%
506,507,Abomey Calavi,Benin,1056440,991000.0,6.60%
507,508,Changwon,South Korea,1055974,1057734.0,-0.17%
508,509,Chihuahua,Mexico,1054766,1033378.0,2.07%
509,510,Saharanpur,India,1054102,1012993.0,4.06%
510,511,Jalandhar,India,1053670,1033756.0,1.93%
511,512,Panjin,China,1053125,1030951.0,2.15%
512,513,Nnewi,Nigeria,1050860,989343.0,6.22%
513,514,Antwerp,Belgium,1042471,1037310.0,0.50%
514,515,Oslo,Norway,1041377,1026758.0,1.42%
515,516,Luohe,China,1039941,982185.0,5.88%
516,517,Diyarbakir,Turkey,1039492,1018977.0,2.01%
517,518,Bishkek,Kyrgyzstan,1038429,1017166.0,2.09%
518,519,Jingzhou Hubei,China,1038296,1022741.0,1.52%
519,520,Wenling,China,1037164,1004015.0,3.30%
520,521,Fuyang,China,1036162,1006913.0,2.90%
521,522,Solapur,India,1031037,1021948.0,0.89%
522,523,Shangrao,China,1028518,1001805.0,2.67%
523,524,San Jose,United States,1027690,1027690.0,0.00%
524,525,Kermanshah,Iran,1025740,1004561.0,2.11%
525,526,Toulouse,France,1024166,1010593.0,1.34%
526,527,Johor Bahru,Malaysia,1023900,1003485.0,2.03%
527,528,Zhaoqing,China,1023777,996546.0,2.73%
528,529,Teresina,Brazil,1021229,1011029.0,1.01%
529,530,Siliguri,India,1020303,983606.0,3.73%
530,531,Ma'anshan,China,1019389,986525.0,3.33%
531,532,Mersin,Turkey,1016019,997131.0,1.89%
532,533,Bien Hoa,Vietnam,1013064,980581.0,3.31%
533,534,Bujumbura,Burundi,1012996,954424.0,6.14%
534,535,Kirkuk,Iraq,1012614,996040.0,1.66%
535,536,Samarinda,Indonesia,1010413,979359.0,3.17%
536,537,Rotterdam,Netherlands,1010026,1008667.0,0.13%
537,538,Yueyang,China,1009534,999033.0,1.05%
538,539,Aracaju,Brazil,1009380,991254.0,1.83%
539,540,Odesa,Ukraine,1009289,1010293.0,-0.10%
540,541,Volgograd,Russia,1004688,1009238.0,-0.45%
541,542,Marrakech,Morocco,1002709,988968.0,1.39%
542,543,Tampico,Mexico,1001278,986228.0,1.53%
543,544,Austin,United States,995347,978908.0,1.68%
544,545,Bazhong,China,991820,924575.0,7.27%
545,546,Fuzhou Jiangxi,China,989880,950130.0,4.18%
546,547,Hargeysa,Somalia,988716,945908.0,4.53%
547,548,Huzhou,China,988351,960993.0,2.85%
548,549,Leshan,China,986923,951055.0,3.77%
549,550,Denpasar,Indonesia,986853,965359.0,2.23%
550,551,Dezhou,China,986192,952704.0,3.52%
551,552,San Miguel De Tucuman,Argentina,985656,971050.0,1.50%
552,553,Saltillo,Mexico,983784,966802.0,1.76%
553,554,Valparaiso,Chile,983751,975179.0,0.88%
554,555,Aden,Yemen,980455,950374.0,3.17%
555,556,Padang,Indonesia,980455,964358.0,1.67%
556,557,Cebu City,Philippines,980070,967436.0,1.31%
557,558,Acapulco De Juarez,Mexico,979381,966958.0,1.28%
558,559,Kayseri,Turkey,973506,960262.0,1.38%
559,560,Bobo Dioulasso,Burkina Faso,972124,924370.0,5.17%
560,561,Xiongan,China,969535,892142.0,8.67%
561,562,Bordeaux,France,968993,957383.0,1.21%
562,563,Xuchang,China,968135,934073.0,3.65%
563,564,Songkhla,Thailand,966597,953612.0,1.36%
564,565,Asmara,Eritrea,962985,928758.0,3.69%
565,566,Nonthaburi,Thailand,962694,949762.0,1.36%
566,567,Chenzhou,China,959881,914372.0,4.98%
567,568,Warangal,India,959658,936510.0,2.47%
568,569,Dnipro,Ukraine,957345,963113.0,-0.60%
569,570,Krasnodar,Russia,957214,938135.0,2.03%
570,571,Khulna,Bangladesh,953745,962845.0,-0.95%
571,572,Ilorin,Nigeria,949866,928632.0,2.29%
572,573,Jixi Heilongjiang,China,949646,936975.0,1.35%
573,574,Morelia,Mexico,948793,936074.0,1.36%
574,575,Sekondi Takoradi,Ghana,945519,900040.0,5.05%
575,576,Cancun,Mexico,943922,915058.0,3.15%
576,577,Seongnam,South Korea,943768,945746.0,-0.21%
577,578,Qujing,China,942342,907828.0,3.80%
578,579,Nice,France,942208,941800.0,0.04%
579,580,Changshu,China,938683,894600.0,4.93%
580,581,Ikorodu,Nigeria,937615,887220.0,5.68%
581,582,Xintai,China,936382,905520.0,3.41%
582,583,Cucuta,Colombia,933380,923047.0,1.12%
583,584,Blantyre Limbe,Malawi,932263,904758.0,3.04%
584,585,Jerusalem,Israel,931756,919407.0,1.34%
585,586,Pingxiang Jiangxi,China,928895,904694.0,2.68%
586,587,Southampton,United Kingdom,927916,919843.0,0.88%
587,588,Fort Worth,United States,925954,909585.0,1.80%
588,589,Mudanjiang,China,925522,910032.0,1.70%
589,590,Agadir,Morocco,923552,905649.0,1.98%
590,591,Arequipa,Peru,922999,911311.0,1.28%
591,592,Nyala,Sudan,922532,878037.0,5.07%
592,593,Hamah,Syria,921502,906705.0,1.63%
593,594,Jacksonville,United States,920577,911507.0,1.00%
594,595,Tshikapa,Dr Congo,919192,869060.0,5.77%
595,596,Dehradun,India,918946,894925.0,2.68%
596,597,Veracruz,Mexico,918529,907066.0,1.26%
597,598,Yichun Jiangxi,China,918051,859349.0,6.83%
598,599,Ciudad Guayana,Venezuela,917700,900874.0,1.87%
599,600,Zamboanga City,Philippines,917477,905281.0,1.35%
600,601,Dushanbe,Tajikistan,915712,893826.0,2.45%
601,602,Pathum Thani,Thailand,913741,901466.0,1.36%
602,603,Jiujiang,China,913212,889447.0,2.67%
603,604,Ulsan,South Korea,910330,910162.0,0.02%
604,605,Laiwu,China,907839,880451.0,3.11%
605,606,Rajshahi,Bangladesh,907732,893214.0,1.63%
606,607,Columbus,United States,906237,898553.0,0.86%
607,608,Donetsk,Ukraine,905530,911981.0,-0.71%
608,609,San Pedro Sula,Honduras,902751,876445.0,3.00%
609,610,Bengbu,China,901773,889163.0,1.42%
610,611,Liverpool,United Kingdom,901708,897218.0,0.50%
611,612,Oran,Algeria,899182,889644.0,1.07%
612,613,Reynosa,Mexico,899084,880902.0,2.06%
613,614,Charlotte,United States,898902,885708.0,1.49%
614,615,Villahermosa,Mexico,898461,883336.0,1.71%
615,616,West Rand,South Africa,897609,886343.0,1.27%
616,617,Campo Grande,Brazil,896864,886361.0,1.18%
617,618,Jos,Nigeria,895288,875746.0,2.23%
618,619,Bergamo,Italy,892089,883295.0,1.00%
619,620,Zhucheng,China,891494,855579.0,4.20%
620,621,Guigang,China,891173,864577.0,3.08%
621,622,Guiping,China,891158,843956.0,5.59%
622,623,Yangjiang,China,890013,867562.0,2.59%
623,624,Bangui,Central African Republic,889231,869599.0,2.26%
624,625,Malang,Indonesia,886620,878589.0,0.91%
625,626,Londrina,Brazil,885516,871682.0,1.59%
626,627,La Plata,Argentina,884054,873918.0,1.16%
627,628,Indianapolis,United States,881808,876384.0,0.62%
628,629,Misratah,Libya,881319,841267.0,4.76%
629,630,Antipolo,Philippines,881018,859070.0,2.55%
630,631,Concepcion,Chile,880722,869186.0,1.33%
631,632,Chengde,China,880494,839566.0,4.87%
632,633,Dandong,China,877258,865354.0,1.38%
633,634,San Francisco,United States,874961,874961.0,0.00%
634,635,Najaf,Iraq,873744,846750.0,3.19%
635,636,Owerri,Nigeria,872604,838554.0,4.06%
636,637,Zhangzhou,China,871690,841966.0,3.53%
637,638,Tianmen,China,869837,840064.0,3.54%
638,639,Hermosillo,Mexico,867885,851738.0,1.90%
639,640,Trujillo,Peru,864633,851312.0,1.56%
640,641,Bhiwandi,India,859435,845711.0,1.62%
641,642,Linfen,China,858103,824417.0,4.09%
642,643,Xinyu,China,857567,823491.0,4.14%
643,644,Deyang,China,857306,828305.0,3.50%
644,645,Hengshui,China,856705,820969.0,4.35%
645,646,Warri,Nigeria,855941,814063.0,5.14%
646,647,Liaoyang,China,855663,841780.0,1.65%
647,648,Guntur,India,854488,833782.0,2.48%
648,649,Soshanguve,South Africa,853347,840932.0,1.48%
649,650,Sylhet,Bangladesh,851808,813538.0,4.70%
650,651,Palermo,Italy,851146,852454.0,-0.15%
651,652,Leiyang,China,851071,804564.0,5.78%
652,653,Tainan,Taiwan,849996,843219.0,0.80%
653,654,Nampula,Mozambique,848096,810633.0,4.62%
654,655,Tuxtla Gutierrez,Mexico,847924,830603.0,2.09%
655,656,Erbil,Iraq,846374,833237.0,1.58%
656,657,Changzhi,China,846365,824378.0,2.67%
657,658,Ashgabat,Turkmenistan,846255,828065.0,2.20%
658,659,Taiz,Yemen,845154,815303.0,3.66%
659,660,Bahawalpur,Pakistan,844673,820047.0,3.00%
660,661,Jiangyin,China,843292,810972.0,3.99%
661,662,Tyumen,Russia,843196,817265.0,3.17%
662,663,Saratov,Russia,842680,844777.0,-0.25%
663,664,Fuxin,China,839189,828643.0,1.27%
664,665,Culiacan,Mexico,839054,821781.0,2.10%
665,666,Hufuf Mubarraz,Saudi Arabia,836727,825074.0,1.41%
666,667,Puducherry,India,836003,815939.0,2.46%
667,668,Libreville,Gabon,834204,823870.0,1.25%
668,669,Valencia,Spain,833724,831815.0,0.23%
669,670,Bucheon,South Korea,832093,835259.0,-0.38%
670,671,Xingtai,China,831175,812888.0,2.25%
671,672,Changde,China,830010,806331.0,2.94%
672,673,Huangshi,China,828324,812772.0,1.91%
673,674,Lubango,Angola,828248,786713.0,5.28%
674,675,Shangqiu,China,826598,802826.0,2.96%
675,676,Quebec City,Canada,826109,820752.0,0.65%
676,677,Banghazi,Libya,823974,811293.0,1.56%
677,678,Luzhou,China,822996,813315.0,1.19%
678,679,Baishan,China,821967,783588.0,4.90%
679,680,Firozabad,India,821043,796264.0,3.11%
680,681,Winnipeg,Canada,816593,808419.0,1.01%
681,682,Yibin,China,814166,797639.0,2.07%
682,683,Ipoh,Malaysia,813553,799785.0,1.72%
683,684,Liling,China,812975,767636.0,5.91%
684,685,Thessaloniki,Greece,812166,811435.0,0.09%
685,686,Newcastle Upon Tyne,United Kingdom,809481,805364.0,0.51%
686,687,Bologna,Italy,805986,802849.0,0.39%
687,688,Niigata,Japan,804298,806723.0,-0.30%
688,689,Xinyang,China,797369,777817.0,2.51%
689,690,Heze,China,795246,786745.0,1.08%
690,691,Yangquan,China,794262,774880.0,2.50%
691,692,Barcelona Puerto La Cruz,Venezuela,793641,782636.0,1.41%
692,693,Orumiyeh,Iran,793044,777790.0,1.96%
693,694,Xinghua,China,791297,766483.0,3.24%
694,695,Nottingham,United Kingdom,787610,781151.0,0.83%
695,696,Maiduguri,Nigeria,786485,772394.0,1.82%
696,697,Sorocaba,Brazil,785997,776054.0,1.28%
697,698,Eskisehir,Turkey,783669,765242.0,2.41%
698,699,Haicheng,China,783484,772266.0,1.45%
699,700,Xiaogan,China,783483,760482.0,3.02%
700,701,Yongzhou,China,781940,753931.0,3.72%
701,702,Cabinda,Angola,777697,736984.0,5.52%
702,703,Zhuji,China,777536,758115.0,2.56%
703,704,Frankfurt,Germany,777156,768616.0,1.11%
704,705,Xalapa,Mexico,775620,764044.0,1.52%
705,706,Huludao,China,775322,760634.0,1.93%
706,707,Bogra,Bangladesh,775034,729609.0,6.23%
707,708,Vereeniging,South Africa,774031,769425.0,0.60%
708,709,Nakhon Ratchasima,Thailand,774022,764883.0,1.19%
709,710,Umuahia,Nigeria,773822,731563.0,5.78%
710,711,Enugu,Nigeria,772872,752323.0,2.73%
711,712,Bikaner,India,771878,757726.0,1.87%
712,713,Krakow,Poland,768731,768031.0,0.09%
713,714,Jiaozuo,China,766770,758858.0,1.04%
714,715,Hamilton,Canada,766688,762808.0,0.51%
715,716,Tianshui,China,765372,739871.0,3.45%
716,717,Seattle,United States,765115,753675.0,1.52%
717,718,Cherthala,India,764135,726232.0,5.22%
718,719,Kuerle,China,761329,719603.0,5.80%
719,720,Shaoguan,China,761249,756232.0,0.66%
720,721,Liaocheng,China,760885,743338.0,2.36%
721,722,Ansan,South Korea,760764,758858.0,0.25%
722,723,Gorakhpur,India,758214,751024.0,0.96%
723,724,Quzhou,China,757655,716061.0,5.81%
724,725,Cagayan De Oro City,Philippines,753138,736874.0,2.21%
725,726,Amravati,India,752189,740529.0,1.57%
726,727,Huaihua,China,751803,718467.0,4.64%
727,728,Nellore,India,751034,729107.0,3.01%
728,729,Taixing,China,747588,725320.0,3.07%
729,730,Dasmarinas,Philippines,747208,728707.0,2.54%
730,731,Gebze,Turkey,744674,718680.0,3.62%
731,732,Kumamoto,Japan,742612,743559.0,-0.13%
732,733,Bozhou,China,742150,710320.0,4.48%
733,734,Cuttack,India,742011,733202.0,1.20%
734,735,Langfang,China,739632,715581.0,3.36%
735,736,Sulaimaniya,Iraq,739182,720411.0,2.61%
736,737,Ar Rayyan,Qatar,737903,715997.0,3.06%
737,738,Kunshan,China,737654,705508.0,4.56%
738,739,Zigong,China,737291,728743.0,1.17%
739,740,Bur Sa'id,Egypt,737000,723998.0,1.80%
740,741,Zaporizhzhya,Ukraine,736167,740538.0,-0.59%
741,742,Qingyuan,China,734856,725803.0,1.25%
742,743,Jincheng,China,733879,703498.0,4.32%
743,744,Banjarmasin,Indonesia,732005,720307.0,1.62%
744,745,Zaragoza,Spain,730828,727371.0,0.48%
745,746,Sheffield,United Kingdom,730158,725062.0,0.70%
746,747,Zarqa,Jordan,729220,719720.0,1.32%
747,748,Anqing,China,726950,709177.0,2.51%
748,749,Zaria,Nigeria,726172,719012.0,1.00%
749,750,Belgaum,India,724747,712055.0,1.78%
750,751,Okayama,Japan,724696,724948.0,-0.03%
751,752,Lviv,Ukraine,723758,725202.0,-0.20%
752,753,Meishan,China,723267,697042.0,3.76%
753,754,Sao Jose Dos Campos,Brazil,721795,711673.0,1.42%
754,755,Danyang,China,718649,693349.0,3.65%
755,756,Cheongju,South Korea,717027,713273.0,0.53%
756,757,Muzaffarnagar,India,716748,690953.0,3.73%
757,758,Gaomi,China,716261,686786.0,4.29%
758,759,Zhumadian,China,716002,683882.0,4.70%
759,760,Jiamusi,China,715965,705995.0,1.41%
760,761,Malegaon,India,715605,700095.0,2.22%
761,762,Hanchuan,China,715218,686163.0,4.23%
762,763,Benguela,Angola,715130,686121.0,4.23%
763,764,Xianyang Shaanxi,China,715007,707306.0,1.09%
764,765,Ribeirao Preto,Brazil,714111,703710.0,1.48%
765,766,Oshogbo,Nigeria,713677,698844.0,2.12%
766,767,Gaza,Palestine,713621,693323.0,2.93%
767,768,Shaoyang,China,713559,697769.0,2.26%
768,769,Mangalore,India,713357,703413.0,1.41%
769,770,Rasht,Iran,712715,703698.0,1.28%
770,771,Washington,United States,709951,705749.0,0.60%
771,772,Linhai,China,708981,685239.0,3.46%
772,773,Buffalo City,South Africa,708559,700466.0,1.16%
773,774,Florence,Italy,708357,707728.0,0.09%
774,775,Panzhihua,China,707134,698149.0,1.29%
775,776,Erduosi Ordoss,China,706657,682677.0,3.51%
776,777,Denver,United States,705576,705576.0,0.00%
777,778,Sialkot,Pakistan,705121,690447.0,2.13%
778,779,Zanzibar,Tanzania,705078,676814.0,4.18%
779,780,Oaxaca De Juarez,Mexico,704559,694297.0,1.48%
780,781,Seville,Spain,703790,705325.0,-0.22%
781,782,Tongliao,China,702280,683849.0,2.70%
782,783,Jammu,India,702085,696856.0,0.75%
783,784,Bhavnagar,India,700367,689884.0,1.52%
784,785,Tolyatti,Russia,700252,704137.0,-0.55%
785,786,Sargodha,Pakistan,700095,688086.0,1.75%
786,787,Suining Sichuan,China,699679,682654.0,2.49%
787,788,Gold Coast,Australia,699226,687460.0,1.71%
788,789,The Hague,Netherlands,697564,691389.0,0.89%
789,790,Tongling,China,696639,677201.0,2.87%
790,791,Wuzhou,China,696630,677691.0,2.79%
791,792,Kottayam,India,696061,652053.0,6.75%
792,793,Yulin Shaanxi,China,695614,685262.0,1.51%
793,794,Yanji,China,695165,673380.0,3.24%
794,795,Kayamkulam,India,694892,662470.0,4.89%
795,796,Maturin,Venezuela,694716,670377.0,3.63%
796,797,Boston,United States,694053,692600.0,0.21%
797,798,Lokoja,Nigeria,692050,643407.0,7.56%
798,799,Longyan,China,691987,680986.0,1.62%
799,800,Cotonou,Benin,691949,687732.0,0.61%
800,801,Nanded Waghala,India,689771,674189.0,2.31%
801,802,Taif,Saudi Arabia,688693,682959.0,0.84%
802,803,Uberlandia,Brazil,686896,677984.0,1.31%
803,804,Bacoor,Philippines,686398,668419.0,2.69%
804,805,Bristol,United Kingdom,686210,678612.0,1.12%
805,806,Kitwe,Zambia,685908,663455.0,3.38%
806,807,Zagreb,Croatia,684878,685233.0,-0.05%
807,808,Salta,Argentina,684751,672335.0,1.85%
808,809,Padova,Italy,683604,679147.0,0.66%
809,810,El Paso,United States,683581,681728.0,0.27%
810,811,Vientiane,Laos,682542,673061.0,1.41%
811,812,Dazhou,China,682342,658956.0,3.55%
812,813,Anqiu,China,682299,642202.0,6.24%
813,814,Bali,Indonesia,682065,668550.0,2.02%
814,815,Celaya,Mexico,680971,672501.0,1.26%
815,816,Cheonan,South Korea,679802,670256.0,1.42%
816,817,Genoa,Italy,679613,682507.0,-0.42%
817,818,Tirupati,India,679456,653940.0,3.90%
818,819,Bunia,Dr Congo,679418,636625.0,6.72%
819,820,Yuyao,China,678841,662003.0,2.54%
820,821,Yan'an,China,678619,646393.0,4.99%
821,822,Jundiai,Brazil,678521,668381.0,1.52%
822,823,Nantes,France,677766,669843.0,1.18%
823,824,Liege,Belgium,677589,675403.0,0.32%
824,825,Dongtai,China,676996,655472.0,3.28%
825,826,Lodz,Poland,676830,682458.0,-0.82%
826,827,Durgapur,India,675384,664915.0,1.57%
827,828,Yuncheng,China,675082,646283.0,4.46%
828,829,Nashville,United States,674634,670820.0,0.57%
829,830,Dengzhou,China,673626,642552.0,4.84%
830,831,Gulbarga,India,673027,658535.0,2.20%
831,832,Huambo,Angola,671413,656977.0,2.20%
832,833,Al Hudaydah,Yemen,668899,649129.0,3.05%
833,834,Buraydah,Saudi Arabia,668775,652396.0,2.51%
834,835,Ezhou,China,668405,661038.0,1.11%
835,836,Pontianak,Indonesia,667910,655595.0,1.88%
836,837,Detroit,United States,667085,670031.0,-0.44%
837,838,Merca,Somalia,666370,637357.0,4.55%
838,839,Mar Del Plata,Argentina,665707,659410.0,0.95%
839,840,Akure,Nigeria,665524,641733.0,3.71%
840,841,Kurnool,India,665186,644449.0,3.22%
841,842,Malanje,Angola,665150,626862.0,6.11%
842,843,Santiago,Dominican Republic,664575,657179.0,1.13%
843,844,Jeonju,South Korea,663145,662870.0,0.04%
844,845,Yuxi,China,662863,631110.0,5.03%
845,846,Oklahoma City,United States,662202,655057.0,1.09%
846,847,Las Vegas,United States,659410,651319.0,1.24%
847,848,Portland,United States,658645,654741.0,0.60%
848,849,Tabuk,Saudi Arabia,657277,647410.0,1.52%
849,850,Zhangjiagang,China,656036,627897.0,4.48%
850,851,Lattakia,Syria,655714,645186.0,1.63%
851,852,Amara,Iraq,655663,631442.0,3.84%
852,853,Taicang,China,654441,628692.0,4.10%
853,854,Busto Arsizio,Italy,654258,650530.0,0.57%
854,855,General Santos City,Philippines,652723,640361.0,1.93%
855,856,Macao,Macau,651875,642090.0,1.52%
856,857,Izhevsk,Russia,651338,651079.0,0.04%
857,858,Memphis,United States,651042,651073.0,-0.00%
858,859,Zhoukou,China,650060,628346.0,3.46%
859,860,Ibb,Yemen,648889,607531.0,6.81%
860,861,Zhoushan,China,647419,635411.0,1.89%
861,862,Neijiang,China,645874,638674.0,1.13%
862,863,Denizli,Turkey,644782,628432.0,2.60%
863,864,Jamnagar,India,644738,639662.0,0.79%
864,865,Qinzhou,China,644359,626663.0,2.82%
865,866,Jhansi,India,642709,632166.0,1.67%
866,867,Samsun,Turkey,642592,623644.0,3.04%
867,868,Chongjin,North Korea,642447,639743.0,0.42%
868,869,Tamale,Ghana,641911,611806.0,4.92%
869,870,Wroclaw,Poland,641401,640585.0,0.13%
870,871,Doha,Qatar,641380,637347.0,0.63%
871,872,Sokoto,Nigeria,641249,621694.0,3.15%
872,873,Renqiu,China,640271,615759.0,3.98%
873,874,Barnaul,Russia,639783,639126.0,0.10%
874,875,Loudi,China,639167,614015.0,4.10%
875,876,Hegang,China,638855,633811.0,0.80%
876,877,Irkutsk,Russia,638843,635870.0,0.47%
877,878,As Suways,Egypt,638229,627455.0,1.72%
878,879,Bulawayo,Zimbabwe,638188,638467.0,-0.04%
879,880,Bijie,China,637795,612321.0,4.16%
880,881,Be'er Sheva,Israel,637539,631052.0,1.03%
881,882,Chiclayo,Peru,637255,629260.0,1.27%
882,883,Venezia,Italy,637245,636244.0,0.16%
883,884,Ankang,China,636293,605136.0,5.15%
884,885,Erode,India,634977,622398.0,2.02%
885,886,Manama,Bahrain,634508,600433.0,5.68%
886,887,Goma,Dr Congo,634197,599208.0,5.84%
887,888,Bokaro Steel City,India,633551,625824.0,1.23%
888,889,Pachuca De Soto,Mexico,633453,620630.0,2.07%
889,890,Khabarovsk,Russia,633151,629682.0,0.55%
890,891,Stuttgart,Germany,632692,631453.0,0.20%
891,892,Puyang,China,632347,610020.0,3.66%
892,893,Duesseldorf,Germany,631942,628459.0,0.55%
893,894,Longhai,China,631203,606799.0,4.02%
894,895,Durango,Mexico,630982,619119.0,1.92%
895,896,Riga,Latvia,630692,633820.0,-0.49%
896,897,Belfast,United Kingdom,630632,626760.0,0.62%
897,898,Wuhai,China,630295,615806.0,2.35%
898,899,Safaqis,Tunisia,630175,624146.0,0.97%
899,900,Verona,Italy,629658,625890.0,0.60%
900,901,Tongxiang,China,629527,602260.0,4.53%
901,902,Jambi,Indonesia,626192,615859.0,1.68%
902,903,Haimen,China,626067,606263.0,3.27%
903,904,Hezhou,China,625304,595675.0,4.97%
904,905,Sanya,China,625290,605586.0,3.25%
905,906,Ulyanovsk,Russia,624896,625837.0,-0.15%
906,907,Raurkela,India,622636,614790.0,1.28%
907,908,Bari,Italy,622377,622287.0,0.01%
908,909,Seregno,Italy,619871,614571.0,0.86%
909,910,Kolhapur,India,619358,612880.0,1.06%
910,911,Kryvyi Rih,Ukraine,618706,623894.0,-0.83%
911,912,Nasiriyah,Iraq,616994,600113.0,2.81%
912,913,Louisville,United States,616781,617638.0,-0.14%
913,914,Yulin Guangxi,China,613668,605882.0,1.29%
914,915,Ajmer,India,613617,606616.0,1.15%
915,916,Bacolod,Philippines,613437,602459.0,1.82%
916,917,Geneva,Switzerland,613373,606436.0,1.14%
917,918,Colombo,Sri Lanka,612535,606158.0,1.05%
918,919,Yaroslavl,Russia,612365,612247.0,0.02%
919,920,Kuching,Malaysia,611566,602427.0,1.52%
920,921,Al Ain,United Arab Emirates,610887,598368.0,2.09%
921,922,Gothenburg,Sweden,610521,603065.0,1.24%
922,923,Zahedan,Iran,609873,603634.0,1.03%
923,924,Vladivostok,Russia,609754,609930.0,-0.03%
924,925,San Jose Del Monte,Philippines,607692,600251.0,1.24%
925,926,Ujjain,India,607055,596869.0,1.71%
926,927,Brighton,United Kingdom,606909,601574.0,0.89%
927,928,Bandar Abbas,Iran,606633,585287.0,3.65%
928,929,Jubayl,Saudi Arabia,605743,579260.0,4.57%
929,930,Herat,Afghanistan,605575,575806.0,5.17%
930,931,Hanzhong,China,605327,592759.0,2.12%
931,932,Miluo,China,604159,568421.0,6.29%
932,933,Hillah,Iraq,604149,594261.0,1.66%
933,934,Feira De Santana,Brazil,602128,593981.0,1.37%
934,935,Anshun,China,600121,580847.0,3.32%
935,936,Bilaspur,India,599812,583279.0,2.83%
936,937,Makhachkala,Russia,599792,598979.0,0.14%
937,938,Bissau,Guinea Bissau,599714,578829.0,3.61%
938,939,Jinzhong,China,599611,581798.0,3.06%
939,940,Patiala,India,599186,581771.0,2.99%
940,941,Yichun Heilongjiang,China,598465,605399.0,-1.15%
941,942,Bauchi,Nigeria,597679,575617.0,3.83%
942,943,Tlaxcala,Mexico,596362,586129.0,1.75%
943,944,Tomsk,Russia,595642,590480.0,0.87%
944,945,Skopje,Macedonia,595275,589751.0,0.94%
945,946,Siping,China,594482,584669.0,1.68%
946,947,Nay Pyi Taw,Myanmar,593596,546487.0,8.62%
947,948,Sihui,China,591080,562577.0,5.07%
948,949,Leipzig,Germany,591052,585246.0,0.99%
949,950,Kagoshima,Japan,591042,593758.0,-0.46%
950,951,Kingston,Jamaica,590940,589849.0,0.18%
951,952,Sanliurfa,Turkey,590522,584693.0,1.00%
952,953,Malaga,Spain,590032,588778.0,0.21%
953,954,Uvira,Dr Congo,589731,557567.0,5.77%
954,955,Dortmund,Germany,589600,589457.0,0.02%
955,956,Milwaukee,United States,588939,590157.0,-0.21%
956,957,Comilla,Bangladesh,588772,568563.0,3.55%
957,958,Cuiaba,Brazil,588566,585825.0,0.47%
958,959,Xiantao,China,588540,583836.0,0.81%
959,960,Mathura,India,588334,573517.0,2.58%
960,961,Enshi,China,586667,553318.0,6.03%
961,962,Ibague,Colombia,586187,581760.0,0.76%
962,963,Catania,Italy,585877,585825.0,0.01%
963,964,Shishi,China,585317,572218.0,2.29%
964,965,Fuqing,China,584631,571706.0,2.26%
965,966,Baltimore,United States,584537,593490.0,-1.51%
966,967,Sangli,India,583629,575879.0,1.35%
967,968,Essen,Germany,582128,582777.0,-0.11%
968,969,Pereira,Colombia,579620,579577.0,0.01%
969,970,Calabar,Nigeria,579273,554887.0,4.39%
970,971,Toulon,France,579095,577180.0,0.33%
971,972,Qitaihe,China,578992,570264.0,1.53%
972,973,Samarkand,Uzbekistan,578762,565832.0,2.29%
973,974,Daye,China,578374,563779.0,2.59%
974,975,Samut Sakhon,Thailand,578273,570504.0,1.36%
975,976,Cabimas,Venezuela,578222,567757.0,1.84%
976,977,Hamadan,Iran,577808,571287.0,1.14%
977,978,Jingjiang,China,577513,555332.0,3.99%
978,979,Sanhe,China,576241,547190.0,5.31%
979,980,Djibouti,Djibouti,576157,568804.0,1.29%
980,981,Xinmi,China,575696,549770.0,4.72%
981,982,Imphal,India,575625,557632.0,3.23%
982,983,Juiz De Fora,Brazil,575481,569996.0,0.96%
983,984,Dresden,Germany,575476,569424.0,1.06%
984,985,Agartala,India,575073,554700.0,3.67%
985,986,Tonghua,China,572967,562008.0,1.95%
986,987,Abakaliki,Nigeria,572028,543058.0,5.33%
987,988,Bouake,Ivory Coast,571876,564745.0,1.26%
988,989,Udon Thani,Thailand,570115,563600.0,1.16%
989,990,Beira,Mozambique,569911,556499.0,2.41%
990,991,Udaipur,India,569224,558710.0,1.88%
991,992,Vellore,India,569048,559693.0,1.67%
992,993,Orenburg,Russia,568812,568599.0,0.04%
993,994,Anyang,South Korea,567945,571888.0,-0.69%
994,995,Ardabil,Iran,567912,557544.0,1.86%
995,996,Likasi,Dr Congo,567839,551540.0,2.96%
996,997,Bloemfontein,South Africa,567029,556450.0,1.90%
997,998,Dongyang,China,566083,553572.0,2.26%
998,999,Mbeya,Tanzania,566065,540637.0,4.70%
999,1000,Hebi,China,565986,555886.0,1.82%
1000,1001,Kemerovo,Russia,565759,564347.0,0.25%
1001,1002,Tirunelveli,India,565735,558182.0,1.35%
1002,1003,Cenxi,China,565509,537757.0,5.16%
1003,1004,Yazd,Iran,565449,555793.0,1.74%
1004,1005,Bremen,Germany,565354,564270.0,0.19%
1005,1006,Gaya,India,565253,555350.0,1.78%
1006,1007,Poza Rica De Hidalgo,Mexico,564578,558965.0,1.00%
1007,1008,Jalgaon,India,564540,552922.0,2.10%
1008,1009,Shuozhou,China,563456,542198.0,3.92%
1009,1010,Santa Fe,Argentina,562917,555753.0,1.29%
1010,1011,Matamoros,Mexico,562755,554922.0,1.41%
1011,1012,Kitchener,Canada,562466,553973.0,1.53%
1012,1013,Zaoyang,China,562379,548745.0,2.48%
1013,1014,Albuquerque,United States,561397,560513.0,0.16%
1014,1015,Sanmenxia,China,561369,543195.0,3.35%
1015,1016,Cangzhou,China,560962,553694.0,1.31%
1016,1017,Thoothukkudi,India,560930,543853.0,3.14%
1017,1018,Xinyi,China,559613,541482.0,3.35%
1018,1019,Basel,Switzerland,559027,555469.0,0.64%
1019,1020,Yiyang Hunan,China,558615,540947.0,3.27%
1020,1021,Oujda,Morocco,558524,546962.0,2.11%
1021,1022,Gomel,Belarus,557589,552354.0,0.95%
1022,1023,Irbid,Jordan,556899,553576.0,0.60%
1023,1024,Al Mansurah,Egypt,555621,546574.0,1.66%
1024,1025,Karbala,Iraq,555073,545987.0,1.66%
1025,1026,Meknes,Morocco,553755,547396.0,1.16%
1026,1027,Weinan,China,553302,542115.0,2.06%
1027,1028,Leicester,United Kingdom,552178,547352.0,0.88%
1028,1029,Jiaozhou,China,551500,534608.0,3.16%
1029,1030,Ogbomosho,Nigeria,551474,527194.0,4.61%
1030,1031,Feicheng,China,551319,542285.0,1.67%
1031,1032,Arak,Iran,551006,542824.0,1.51%
1032,1033,Novokuznetsk,Russia,550575,551987.0,-0.26%
1033,1034,Zhaodong,China,550240,527598.0,4.29%
1034,1035,Chiang Rai,Thailand,549966,542578.0,1.36%
1035,1036,Kota Kinabalu,Malaysia,549586,536285.0,2.48%
1036,1037,Hamhung,North Korea,548992,553224.0,-0.76%
1037,1038,Panipat,India,547952,536422.0,2.15%
1038,1039,Khamis Mushayt,Saudi Arabia,547724,539906.0,1.45%
1039,1040,Kahramanmaras,Turkey,546688,533434.0,2.48%
1040,1041,Tongchuan,China,546649,537167.0,1.77%
1041,1042,Tepic,Mexico,545941,533572.0,2.32%
1042,1043,Utrecht,Netherlands,544389,536473.0,1.48%
1043,1044,Shouguang,China,544207,536303.0,1.47%
1044,1045,Port Of Spain,Trinidad And Tobago,544207,544259.0,-0.01%
1045,1046,Villavicencio,Colombia,544115,534290.0,1.84%
1046,1047,Rajahmundry,India,543729,536298.0,1.39%
1047,1048,Ndola,Zambia,542495,531047.0,2.16%
1048,1049,Kerman,Iran,541485,539893.0,0.29%
1049,1050,Tucson,United States,541482,541482.0,0.00%
1050,1051,Dengfeng,China,540789,509717.0,6.10%
1051,1052,Ryazan,Russia,540317,540502.0,-0.03%
1052,1053,Sakarya,Turkey,539445,524986.0,2.75%
1053,1054,Guangyuan,China,539179,520905.0,3.51%
1054,1055,Chaoyang,China,539052,531831.0,1.36%
1055,1056,Vilnius,Lithuania,538894,537563.0,0.25%
1056,1057,Rayong,Thailand,538150,530921.0,1.36%
1057,1058,Gaozhou,China,537329,512852.0,4.77%
1058,1059,Hannover,Germany,536976,536498.0,0.09%
1059,1060,San Juan,Argentina,536913,532634.0,0.80%
1060,1061,Edinburgh,United Kingdom,536775,530741.0,1.14%
1061,1062,Cuito,Angola,535407,501936.0,6.67%
1062,1063,Astrakhan,Russia,534947,535191.0,-0.05%
1063,1064,Naberezhnye Tchelny,Russia,534726,534307.0,0.08%
1064,1065,Sukkur,Pakistan,534486,524179.0,1.97%
1065,1066,Larkana,Pakistan,534288,519899.0,2.77%
1066,1067,Valledupar,Colombia,533453,518190.0,2.95%
1067,1068,Bamenda,Cameroon,533257,513820.0,3.78%
1068,1069,Basilan City,Philippines,533135,517687.0,2.98%
1069,1070,Abeokuta,Nigeria,532856,523653.0,1.76%
1070,1071,Mazar E Sharif,Afghanistan,532689,501665.0,6.18%
1071,1072,Poznan,Poland,531030,533731.0,-0.51%
1072,1073,Namangan,Uzbekistan,528763,521090.0,1.47%
1073,1074,Imus,Philippines,527779,501303.0,5.28%
1074,1075,Grenoble,France,527720,524853.0,0.55%
1075,1076,Haining,China,527655,512822.0,2.89%
1076,1077,Santa Marta,Colombia,527326,520650.0,1.28%
1077,1078,Surakarta,Indonesia,527279,523581.0,0.71%
1078,1079,Pietermaritzburg,South Africa,526912,521419.0,1.05%
1079,1080,Yongkang,China,526069,508796.0,3.39%
1080,1081,Pingdu,China,525093,514025.0,2.15%
1081,1082,Fresno,United States,525010,525010.0,0.00%
1082,1083,Taishan,China,524937,510086.0,2.91%
1083,1084,Calamba,Philippines,524577,509898.0,2.88%
1084,1085,Mekele,Ethiopia,523914,505485.0,3.65%
1085,1086,Heyuan,China,523818,515422.0,1.63%
1086,1087,Ar Rusayfah,Jordan,523543,520419.0,0.60%
1087,1088,Penza,Russia,523092,524131.0,-0.20%
1088,1089,Utsunomiya,Japan,522100,522331.0,-0.04%
1089,1090,Chuzhou,China,522062,507265.0,2.92%
1090,1091,Vale Do Aco,Brazil,521744,517889.0,0.74%
1091,1092,Al Raqqa,Syria,521537,513163.0,1.63%
1092,1093,Bellary,India,520926,508535.0,2.44%
1093,1094,Longkou,China,520568,505504.0,2.98%
1094,1095,Qingzhou,China,520371,504795.0,3.09%
1095,1096,Kalasin,Thailand,517635,510681.0,1.36%
1096,1097,Al Mahallah Al Kubra,Egypt,517549,511770.0,1.13%
1097,1098,Sheikhupura,Pakistan,517342,504174.0,2.61%
1098,1099,Cuautla Morelos,Mexico,516755,508021.0,1.72%
1099,1100,Puerto Vallarta,Mexico,515909,501280.0,2.92%
1100,1101,Atlanta,United States,515439,506811.0,1.70%
1101,1102,Duisburg,Germany,515076,510611.0,0.87%
1102,1103,Balashikha,Russia,514662,,
1103,1104,Dali,China,514610,,
1104,1105,Shizuishan,China,514455,501894.0,2.50%
1105,1106,Kakinada,India,514227,506331.0,1.56%
1106,1107,Ambon,Indonesia,513457,,
1107,1108,Diwaniyah,Iraq,513369,,
1108,1109,Songyuan,China,513231,507408.0,1.15%
1109,1110,Kirov,Russia,513003,510777.0,0.44%
1110,1111,Nurenberg,Germany,511941,512022.0,-0.02%
1111,1112,Davanagere,India,511843,503318.0,1.69%
1112,1113,Qianjiang,China,511738,503238.0,1.69%
1113,1114,Gongyi,China,511410,,
1114,1115,Van,Turkey,511391,,
1115,1116,Shangyu,China,510813,,
1116,1117,Uige,Angola,510631,,
1117,1118,Porto Velho,Brazil,510419,,
1118,1119,Changning,China,510275,,
1119,1120,Matsuyama,Japan,509958,511745.0,-0.35%
1120,1121,Angeles City,Philippines,509765,,
1121,1122,Rustenburg,South Africa,509368,,
1122,1123,Gombe,Nigeria,508575,,
1123,1124,Londonca,Canada,508230,505325.0,0.57%
1124,1125,Gaoyou,China,507934,,
1125,1126,Yanshi,China,507643,,
1126,1127,Kikwit,Dr Congo,507462,,
1127,1128,Lipetsk,Russia,507291,508968.0,-0.33%
1128,1129,Al Mukalla,Yemen,506356,,
1129,1130,Cheboksary,Russia,505870,502323.0,0.71%
1130,1131,Bournemouth,United Kingdom,505687,501288.0,0.88%
1131,1132,Laixi,China,505117,,
1132,1133,Mataram,Indonesia,505024,,
1133,1134,Karaganda,Kazakhstan,504946,505426.0,-0.09%
1134,1135,Muzaffarpur,India,504158,,
1135,1136,El Djelfa,Algeria,503397,,
1136,1137,Nakhon Pathom,Thailand,503271,,
1137,1138,Shuangyashan,China,503179,,
1138,1139,Kuantan,Malaysia,502866,,
1139,1140,Khon Kaen,Thailand,502594,,
1140,1141,Tanta,Egypt,501423,,
1141,1142,Sacramento,United States,500930,500930.0,0.00%
1142,1143,Chuxiong,China,500867,,
1143,1144,Douai Lens,France,500776,501078.0,-0.06%
1144,1145,Ziyang,China,500094,,
