Series Name,Series Code,Country Name,Country Code,1990 [YR1990],2000 [YR2000],2011 [YR2011],2012 [YR2012],2013 [YR2013],2014 [YR2014],2015 [YR2015],2016 [YR2016],2017 [YR2017],2018 [YR2018],2019 [YR2019],2020 [YR2020]
Population density (people per sq. km of land area),EN.POP.DNST,Afghanistan,AFG,19.0122047605919,31.8291103758846,46.1315029255889,47.7305639800263,49.4280381705113,51.1147780534877,52.7120715007812,54.1971142358239,55.5959930153479,56.937760009803,..,..
Population density (people per sq. km of land area),EN.POP.DNST,Albania,ALB,119.946788321168,112.738211678832,106.02901459854,105.854051094891,105.660291970803,105.441751824818,105.135145985401,104.967189781022,104.870693430657,104.612262773723,..,..
Population density (people per sq. km of land area),EN.POP.DNST,Algeria,DZA,10.8151473292635,13.0334272422683,15.3927145700202,15.6960402898721,16.0135581549623,16.3425424269652,16.680252672416,17.0259574932612,17.3777146120063,17.7300750711665,..,..
Population density (people per sq. km of land area),EN.POP.DNST,American Samoa,ASM,236.735,289.105,278.795,278.335,278.565,278.955,279.06,278.705,278.1,277.325,..,..
Population density (people per sq. km of land area),EN.POP.DNST,Andorra,AND,115.976595744681,139.127659574468,178.185106382979,175.376595744681,171.859574468085,168.53829787234,165.98085106383,164.46170212766,163.831914893617,163.842553191489,..,..
Population density (people per sq. km of land area),EN.POP.DNST,Angola,AGO,9.50379882890832,13.1510972968637,19.427818240154,20.1395131146226,20.8677147669848,21.6104748536135,22.3665524985963,23.1350637683484,23.9165380604797,24.7130520574316,..,..
Population density (people per sq. km of land area),EN.POP.DNST,Antigua and Barbuda,ATG,142.109090909091,172.763636363636,202.847727272727,205.475,207.990909090909,210.368181818182,212.65,214.834090909091,216.877272727273,218.831818181818,..,..
Population density (people per sq. km of land area),EN.POP.DNST,Argentina,ARG,11.9190156722172,13.4727671018639,15.0771515955406,15.2495426957383,15.421160233713,15.5916453818299,15.7606327351655,15.9281350828921,16.0941907925267,16.2585100979651,..,..
Population density (people per sq. km of land area),EN.POP.DNST,Armenia,ARM,124.277168949772,107.818440463646,101.03751317176,101.307657183,101.77674745346,102.297260273973,102.759149982438,103.131225851774,103.435511064278,103.680224798033,..,..
Population density (people per sq. km of land area),EN.POP.DNST,Aruba,ABW,345.272222222222,504.738888888889,566.922222222222,569.777777777778,573.105555555556,576.522222222222,579.672222222222,582.622222222222,585.366666666667,588.027777777778,..,..
Population density (people per sq. km of land area),EN.POP.DNST,Australia,AUS,2.22135298022728,2.49313356677037,2.90798641031983,2.95920036968095,3.01057352615753,3.05581479504836,3.10011259648803,3.14493553058884,3.19836141871706,3.24787091037205,..,..
Population density (people per sq. km of land area),EN.POP.DNST,Austria,AUT,92.9746912085251,97.0158149673044,101.6417363772,102.114865434913,102.7471301857,103.563324191706,104.730792682674,105.869493435483,106.607445296677,107.127966860564,..,..
Population density (people per sq. km of land area),EN.POP.DNST,Azerbaijan,AZE,86.0280952209284,97.434779976999,110.976338851057,112.460792901473,113.92347542296,115.34881658409,116.731079539702,118.033288980283,119.197205757832,120.23431716463,..,..
Population density (people per sq. km of land area),EN.POP.DNST,"Bahamas, The",BHS,25.5967032967033,29.7753246753247,35.9217782217782,36.3220779220779,36.6801198801199,37.0262737262737,37.3832167832168,37.7553446553447,38.137962037962,38.5254745254745,..,..
Population density (people per sq. km of land area),EN.POP.DNST,Bahrain,BHR,718.740579710145,936.071830985916,1666.42901024169,1688.23766233766,1707.82987012987,1732.91183714933,1763.30455808254,1832.63617490023,1920.40352364259,2017.27369979138,..,..
Population density (people per sq. km of land area),EN.POP.DNST,Bangladesh,BGD,792.593961742337,980.701037105324,1146.76022124914,1160.0814857494,1173.57821310594,1187.06435430591,1200.40159791042,1213.57332718752,1226.63127448721,1239.57931166936,..,..
Population density (people per sq. km of land area),EN.POP.DNST,Barbados,BRB,606.827906976744,631.43023255814,658.109302325581,659.767441860465,661.153488372093,662.383720930233,663.544186046512,664.641860465116,665.658139534884,666.606976744186,..,..
Population density (people per sq. km of land area),EN.POP.DNST,Belarus,BLR,50.2317097219483,49.1994182606981,46.6865704006702,46.6438075994283,46.6516679260248,46.6786746775327,46.751941760932,46.8083514016087,46.792242075569,46.7195037884204,..,..
Population density (people per sq. km of land area),EN.POP.DNST,Belgium,BEL,..,338.548546895641,364.539762219287,366.807529722589,368.540521796565,370.180217965654,372.33143989432,374.221334214003,375.66571994716,377.379590488771,..,..
Population density (people per sq. km of land area),EN.POP.DNST,Belize,BLZ,8.2223586146427,10.8423936869794,14.477729066199,14.8180622533976,15.1562911003946,15.4917141604559,15.8234546251644,16.1508110477861,16.4738711091626,16.7939938623411,..,..
Population density (people per sq. km of land area),EN.POP.DNST,Benin,BEN,44.1512593118127,60.8899521106775,83.9023589925505,86.2827953174885,88.724618659099,91.2277580702377,93.7916991841078,96.4177633912735,99.1061014544165,101.853919829727,..,..
Population density (people per sq. km of land area),EN.POP.DNST,Bermuda,BMU,1098.62961022713,1145.05553533315,1195.62960851405,1199.96294177086,1203.72220096372,1206.25923795596,1208.09257125691,1195.44442333214,1182.83331244375,1183.70368279874,..,..
Population density (people per sq. km of land area),EN.POP.DNST,Bhutan,BTN,11.3606579669282,14.8497738693467,18.1886824482827,18.4060395358324,18.6331035784084,18.8644439281988,19.0958367480163,19.3138899659506,19.5461414400175,19.7775277714448,..,..
Population density (people per sq. km of land area),EN.POP.DNST,Bolivia,BOL,6.33697221452968,7.77094433674882,9.427632234838,9.57968799039971,9.73172343764424,9.88324286901135,10.0339056586356,10.1835253392412,10.3321831440967,10.4801458506416,..,..
Population density (people per sq. km of land area),EN.POP.DNST,Bosnia and Herzegovina,BIH,87.17623046875,73.26515625,71.50732421875,70.409609375,69.19150390625,68.00984375,66.97970703125,66.13802734375,65.45951171875,64.92048828125,..,..
Population density (people per sq. km of land area),EN.POP.DNST,Botswana,BWA,2.27049212146878,2.89967709491292,3.55619430769502,3.59880542762868,3.63936265946747,3.68537751663049,3.74202177403702,3.81123992024421,3.89096748010516,3.97742487604327,..,..
Population density (people per sq. km of land area),EN.POP.DNST,Brazil,BRA,17.8273183985911,20.9125882074241,23.6313981340346,23.8434981945744,24.0527082580574,24.2594327206771,24.4637884744692,24.6661407920901,24.8660384966033,25.0617162430876,..,..
Population density (people per sq. km of land area),EN.POP.DNST,British Virgin Islands,VGB,116.593333333333,135.406666666667,188.793333333333,191,192.313333333333,193.26,194.346666666667,195.7,197.18,198.68,..,..
Population density (people per sq. km of land area),EN.POP.DNST,Brunei Darussalam,BRN,49.0931688804554,63.219165085389,74.703605313093,75.7094876660341,76.7402277039848,77.7550284629981,78.7299810246679,79.6584440227704,80.5451612903226,81.3969639468691,..,..
Population density (people per sq. km of land area),EN.POP.DNST,Bulgaria,BGR,78.8058302449607,73.8513242339329,67.6890935887988,67.2981577008106,66.922577376566,66.5432756079587,66.1200350036846,65.6579034635225,65.1800571112749,64.7110998526161,..,..
Population density (people per sq. km of land area),EN.POP.DNST,Burkina Faso,BFA,32.2040716374269,42.4266885964912,58.7789144736842,60.5674195906433,62.4004934210526,64.2763779239766,66.1938011695906,68.151966374269,70.1508918128655,72.1912828947368,..,..
Population density (people per sq. km of land area),EN.POP.DNST,Burundi,BDI,211.797390965732,248.398403426791,348.847585669782,360.046261682243,371.506580996885,383.344898753894,395.639797507788,408.411137071651,421.61308411215,435.178271028037,..,..
Population density (people per sq. km of land area),EN.POP.DNST,Cabo Verde,CPV,83.8585607940447,106.250124069479,123.785607940447,125.368486352357,126.984615384615,128.602729528536,130.209181141439,131.798014888337,133.373945409429,134.929776674938,..,..
Population density (people per sq. km of land area),EN.POP.DNST,Cambodia,KHM,50.8474790392024,68.8604067527759,82.3783310673012,83.7324609109449,85.1253795603898,86.531288239293,87.9301835486064,89.3173181509177,90.6946181735781,92.0564128710628,..,..
Population density (people per sq. km of land area),EN.POP.DNST,Cameroon,CMR,24.9203274735038,32.8191597385289,44.2266675128514,45.45126187303,46.7036830191872,47.9826066721669,49.2868100949842,50.615681919147,51.9685325040723,53.3439889149796,..,..
Population density (people per sq. km of land area),EN.POP.DNST,Canada,CAN,3.04515396145163,3.37446486560195,3.77624569610634,3.81747224119179,3.85802116014608,3.89700291746531,3.92619659515413,3.97090749336615,4.01861558408139,4.07518823864492,..,..
Population density (people per sq. km of land area),EN.POP.DNST,Cayman Islands,CYM,105.466666666667,176.2625,241.158333333333,245.658333333333,249.716666666667,253.533333333333,257.183333333333,260.704166666667,264.091666666667,267.391666666667,..,..
Population density (people per sq. km of land area),EN.POP.DNST,Central African Republic,CAF,4.50533564480401,5.84356961700215,7.09274134001092,7.12127997688529,7.13978297858679,7.1658399948634,7.21238241998138,7.28384057273107,7.37748884394363,7.49041221227006,..,..
Population density (people per sq. km of land area),EN.POP.DNST,Chad,TCD,4.73574650571792,6.63568456162643,9.816541454892,10.1530733799238,10.4990660736976,10.8509839580686,11.2063016200762,11.5642201397713,11.9256456480305,12.2917336404066,..,..
Population density (people per sq. km of land area),EN.POP.DNST,Channel Islands,CHI,710.459623335238,749.712150100253,813.121243452642,818.464678001971,823.424274152672,828.787910722982,835.277809962951,843.045487029935,851.843467166921,861.106093786457,..,..
Population density (people per sq. km of land area),EN.POP.DNST,Chile,CHL,17.853464870482,20.6344210540694,23.1779873303205,23.402282979991,23.6324815360804,23.884591723835,24.1675573408594,24.4899577081939,24.8414839222839,25.1894460666519,..,..
Population density (people per sq. km of land area),EN.POP.DNST,China,CHN,120.915506084734,134.492481002789,143.172108531324,143.871389770868,144.583452998035,145.317352120725,146.057642237226,146.850677605209,147.674050750889,148.348833270666,..,..
Population density (people per sq. km of land area),EN.POP.DNST,Colombia,COL,29.8355736818387,35.7187607030194,41.1561487156377,41.5283650292925,41.9067075259126,42.332317260027,42.8307048219919,43.4205029292474,44.0827796304642,44.7598521856692,..,..
Population density (people per sq. km of land area),EN.POP.DNST,Comoros,COM,221.168181891975,291.433090925489,379.671669439376,388.968821203238,398.44437167162,408.054795859382,417.74528452598,427.507777488981,437.341200057394,447.244477540227,..,..
Population density (people per sq. km of land area),EN.POP.DNST,"Congo, Dem. Rep.",COD,15.2674281555325,20.7784680531969,29.4458229858186,30.4451807414922,31.4765033854569,32.538958999581,33.6316111245892,34.7540314505635,35.9051472177499,37.0825923557045,..,..
Population density (people per sq. km of land area),EN.POP.DNST,"Congo, Rep.",COG,6.90113323572474,9.15786530014641,12.8692357247438,13.2070219619327,13.536635431918,13.8710805270864,14.219897510981,14.5856486090776,14.9654524158126,15.3568462664715,..,..
Population density (people per sq. km of land area),EN.POP.DNST,Costa Rica,CRI,61.0934782608696,77.6022718370544,90.7380728554642,91.8135526831179,92.8732275754015,93.9168820994908,94.9432824128476,95.9527027027027,96.9438699569134,97.9130630630631,..,..
Population density (people per sq. km of land area),EN.POP.DNST,Cote d'Ivoire,CIV,37.4996132075472,51.7442389937107,66.1278459119497,67.7584528301887,69.4575628930818,71.2191289308176,73.0381855345912,74.9141949685535,76.8473867924528,78.8340534591195,..,..
Population density (people per sq. km of land area),EN.POP.DNST,Croatia,HRV,85.4474691468431,79.9195492756215,76.4943173695497,76.2608649035025,76.0487669764117,75.7396175839886,75.1180128663331,74.5952287348106,73.7049857040743,73.0493745532523,..,..
Population density (people per sq. km of land area),EN.POP.DNST,Cuba,CUB,98.6684078212291,103.598044692737,105.150241012994,105.751116374129,108.25868355402,108.699307825418,108.871188233032,108.970476831379,109.010373005191,108.999596231494,..,..
Population density (people per sq. km of land area),EN.POP.DNST,Curacao,CUW,327.477477477477,301.486486486487,339.709459459459,342.540540540541,346.445945945946,351.146396396396,355.810810810811,359.603603603604,360.754504504504,..,..,..
Population density (people per sq. km of land area),EN.POP.DNST,Cyprus,CYP,82.9669913419913,102.087662337662,121.735173160173,122.840476190476,123.795021645022,124.706168831169,125.647727272727,126.643614718615,127.670995670996,128.708333333333,..,..
Population density (people per sq. km of land area),EN.POP.DNST,Czech Republic,CZE,133.7304904879,132.717264138734,135.889280165717,136.097177262722,136.159958559959,136.30337995338,136.589288952208,136.834136234136,137.198109298109,137.657705257705,..,..
Population density (people per sq. km of land area),EN.POP.DNST,Denmark,DNK,121.277164425572,125.84529813811,131.288522271977,133.164372469636,133.720695403668,134.400452488688,135.353250773994,136.41366992141,137.294117647059,137.976565849012,..,..
Population density (people per sq. km of land area),EN.POP.DNST,Djibouti,DJI,25.4701466781708,30.9570319240725,36.8280414150129,37.4519413287317,38.105823986195,38.7703192407248,39.4302415875755,40.0824849007765,40.7289473684211,41.3684210526316,..,..
Population density (people per sq. km of land area),EN.POP.DNST,Dominica,DMA,93.892,92.8666666666667,94.5546666666667,94.62,94.688,94.78,94.9106666666667,95.076,95.2773333333333,95.5,..,..
Population density (people per sq. km of land area),EN.POP.DNST,Dominican Republic,DOM,147.660815566135,175.353363692817,203.129993790106,205.566363071828,207.994700890085,210.415607534672,212.827157938315,215.22962119644,217.618112192093,219.97857586421,..,..
Population density (people per sq. km of land area),EN.POP.DNST,Ecuador,ECU,36.9561262823291,51.0594419391206,61.3781728136576,62.3051296505073,63.2447817684007,64.2286922209696,65.27629247866,66.400044290546,67.5848002899018,68.7886817522951,..,..
Population density (people per sq. km of land area),EN.POP.DNST,"Egypt, Arab Rep.",EGY,56.3910542970516,69.1461761012607,84.9156160530413,86.8172585262946,88.8087196745191,90.8379667487066,92.8650831282335,94.8787704053443,96.8834125269978,98.8734692852479,..,..
Population density (people per sq. km of land area),EN.POP.DNST,El Salvador,SLV,254.347442084942,284.166795366795,299.737837837838,301.05805984556,302.416505791506,303.818918918919,305.266602316602,306.763658301158,308.307046332046,309.881467181467,..,..
Population density (people per sq. km of land area),EN.POP.DNST,Equatorial Guinea,GNQ,14.9443137254902,21.6107308377897,35.1819251336898,36.7626024955437,38.3747950089127,40.0098395721925,41.6601782531194,43.321889483066,44.9911229946524,46.6657397504456,..,..
Population density (people per sq. km of land area),EN.POP.DNST,Eritrea,ERI,22.362900990099,22.6971881188119,31.8215049504951,..,..,..,..,..,..,..,..,..
Population density (people per sq. km of land area),EN.POP.DNST,Estonia,EST,37.0175513092711,32.9555319650861,31.3149091766926,31.2030195800896,30.3196917414309,30.2402806533241,30.26011042098,30.2689210950081,30.3055900621118,30.4112491373361,..,..
Population density (people per sq. km of land area),EN.POP.DNST,Eswatini,SWZ,47.8151162790698,58.455523255814,62.3274418604651,62.7493023255814,63.1883139534884,63.664011627907,64.1886046511628,64.766511627907,65.3926162790698,66.0576162790698,..,..
Population density (people per sq. km of land area),EN.POP.DNST,Ethiopia,ETH,47.887865,66.224804,90.139927,92.726971,95.385785,98.094253,100.835458,103.603501,106.400024,109.224559,..,..
Population density (people per sq. km of land area),EN.POP.DNST,Faroe Islands,FRO,33.8638953675585,33.4777922325771,34.2571618260091,34.2714884729471,34.3065887579455,34.355299357535,34.4204856011033,34.5078781474256,34.6210586582365,34.7399698278226,..,..
Population density (people per sq. km of land area),EN.POP.DNST,Fiji,FJI,39.8781061850027,44.3900383141762,47.2604816639299,47.3491516146689,47.3786535303777,47.4249042145594,47.5438970990695,47.7503557744937,48.0273125342091,48.3570333880679,..,..
Population density (people per sq. km of land area),EN.POP.DNST,Finland,FIN,16.3709609639187,16.9940214714863,17.7309947678436,17.8155615518773,17.8978314521702,17.9720030274112,18.0301108880919,18.0820078312658,18.1244908031983,18.1485472672831,..,..
Population density (people per sq. km of land area),EN.POP.DNST,France,FRA,106.353746102247,111.242096161892,119.335121151416,119.914109283287,120.53300011079,121.105324096186,121.536703849107,121.857824759823,122.114008137994,122.299437237519,..,..
Population density (people per sq. km of land area),EN.POP.DNST,French Polynesia,PYF,54.6188524590164,65.7612021857924,73.1415300546448,73.4967213114754,73.8601092896175,74.2363387978142,74.624043715847,75.0204918032787,75.4379781420765,75.8685792349727,..,..
Population density (people per sq. km of land area),EN.POP.DNST,Gabon,GAB,3.68489928978927,4.76718283075251,6.53795552450809,6.79039857181666,7.0519307641557,7.31090154073039,7.55883882485349,7.79242053789731,8.01343967089688,8.22476423332169,..,..
Population density (people per sq. km of land area),EN.POP.DNST,"Gambia, The",GMB,94.426185770751,130.207806324111,182.623221343874,188.242193675889,194.042588932806,200.004150197628,206.112648221344,212.365513833992,218.764229249012,225.30652173913,..,..
Population density (people per sq. km of land area),EN.POP.DNST,Georgia,GEO,84.0127366247944,71.3308898141992,65.7203016200707,65.238006928164,65.0419538822212,65.0725007872914,65.1750586094685,65.2140557752196,65.2227859617201,65.197330207495,65.0477623429791,..
Population density (people per sq. km of land area),EN.POP.DNST,Germany,DEU,227.517053819494,235.596813297034,230.304633348634,230.750625466231,231.155712565925,232.108053883634,234.153668555637,235.712929356538,236.595494618731,237.30759674834,..,..
Population density (people per sq. km of land area),EN.POP.DNST,Ghana,GHA,64.9260657466819,84.7273270633735,111.574712138525,114.250017579327,116.936107937066,119.646971960974,122.392568339633,125.173358530368,127.983963259207,130.821429199262,..,..
Population density (people per sq. km of land area),EN.POP.DNST,Gibraltar,GIB,2914.7,3107.7,3361.2,3364.6,3369.2,3372.5,3373.6,3373.7,3372.8,3371.8,..,..
Population density (people per sq. km of land area),EN.POP.DNST,Greece,GRC,79.1062218774244,83.83093871218,86.1512723041117,85.6866640806827,85.067579519007,84.5028161365399,83.947889837083,83.5994647013189,83.4342823894492,83.2651823118697,..,..
Population density (people per sq. km of land area),EN.POP.DNST,Greenland,GRL,0.162715832601697,0.136922889511512,0.138603971251066,0.138409063223292,0.137612376659764,0.137154342794494,0.136713363381654,0.136888780606651,0.136854671701791,0.136491655500061,..,..
Population density (people per sq. km of land area),EN.POP.DNST,Grenada,GRD,283.326470588235,302.45,314.105882352941,316.017647058824,318.147058823529,320.3,322.35,324.297058823529,326.1,327.805882352941,..,..
Population density (people per sq. km of land area),EN.POP.DNST,Guam,GUM,241.633333333333,287.646296296296,295.725925925926,296.288888888889,297.05,298.177777777778,299.727777777778,301.761111111111,304.224074074074,306.977777777778,..,..
Population density (people per sq. km of land area),EN.POP.DNST,Guatemala,GTM,84.4542273236282,108.153798058977,135.512458006719,137.942721164614,140.388027248973,142.836095558044,145.27266703994,147.701474430758,150.125214632325,152.547125793206,..,..
Population density (people per sq. km of land area),EN.POP.DNST,Guinea,GIN,25.8517133322481,33.5370747191926,42.4079073742471,43.3502726680775,44.3301725541266,45.3808277714472,46.5248575614521,47.7716140322318,49.1109352108091,50.5222122741332,..,..
Population density (people per sq. km of land area),EN.POP.DNST,Guinea-Bissau,GNB,34.6821123755334,42.7205192034139,55.5828236130868,57.07606685633,58.6151137980085,60.1863086770982,61.7781650071124,63.3868065433855,65.0123044096728,66.6539473684211,..,..
Population density (people per sq. km of land area),EN.POP.DNST,Guyana,GUY,3.77601727203454,3.79331978663957,3.82030988061976,3.83743459486919,3.85717551435103,3.87797815595631,3.89856235712471,3.91854711709423,3.93813055626111,3.95734823469647,..,..
Population density (people per sq. km of land area),EN.POP.DNST,Haiti,HTI,255.367089985486,307.104716981132,366.484760522496,371.949564586357,377.382910014514,382.765166908563,388.082075471698,393.322568940493,398.489332365747,403.59854862119,..,..
Population density (people per sq. km of land area),EN.POP.DNST,Honduras,HND,44.2872732147645,58.7586826347305,75.7947180266333,77.2248726427742,78.6354544642059,80.0392260255608,81.4453123603539,82.8563321118956,84.2703816248101,85.6870319063366,..,..
Population density (people per sq. km of land area),EN.POP.DNST,"Hong Kong SAR, China",HKG,5762.12121212121,6347.61904761905,6734.85714285714,6809.61904761905,6837.04761904762,6885.2380952381,6944.09523809524,6987.2380952381,7039.71428571429,7096.19047619048,..,..
Population density (people per sq. km of land area),EN.POP.DNST,Hungary,HUN,115.433270279292,113.936297701406,110.148315475533,109.580934496852,109.27959792334,108.985618027173,108.726698332045,108.406307301447,108.118480061858,107.981486799956,..,..
Population density (people per sq. km of land area),EN.POP.DNST,Iceland,ISL,2.54190523690773,2.80503740648379,3.18218453865337,3.19916209476309,3.22956608478803,3.2656957605985,3.29990024937656,3.34602493765586,3.42543640897756,3.51841396508728,..,..
Population density (people per sq. km of land area),EN.POP.DNST,India,IND,293.717454316744,355.367651915956,420.520965360438,425.732223638583,430.798613273958,435.762323968532,440.655458615157,445.484341397623,450.243285831043,454.938072575247,..,..
Population density (people per sq. km of land area),EN.POP.DNST,Indonesia,IDN,100.141535794918,116.757190172061,135.305953399537,137.147564267459,138.998990930519,140.833091738106,142.629462841624,144.379861666952,146.086480787383,147.75219008926,..,..
Population density (people per sq. km of land area),EN.POP.DNST,"Iran, Islamic Rep.",IRN,34.6068278936123,40.2904080404725,45.8231759129645,46.3787556177706,46.9571594341708,47.5611833542081,48.1913940666519,48.8494412927626,49.5309014219406,50.222420123284,..,..
Population density (people per sq. km of land area),EN.POP.DNST,Iraq,IRQ,39.8269497222032,53.7247296339484,70.7434610425493,73.4251496592374,76.3762056428309,79.2668300149446,81.9395670397835,84.3314214728393,86.5016316022141,88.5305700354617,..,..
Population density (people per sq. km of land area),EN.POP.DNST,Ireland,IRL,51.0084772826245,55.2355058789374,66.4840179997097,66.7663376397155,67.1188271156917,67.6112643344462,68.2531136594571,69.027943097692,69.7835389751778,70.6534475250399,..,..
Population density (people per sq. km of land area),EN.POP.DNST,Isle of Man,IMN,123.329824561404,134.984210526316,148.922807017544,148.30350877193,147.326315789474,146.470175438596,146.024561403509,146.117543859649,146.663157894737,147.50350877193,..,..
Population density (people per sq. km of land area),EN.POP.DNST,Israel,ISR,215.341959334566,290.619223659889,358.863216266174,365.549907578558,372.435304990758,379.653419593346,387.250462107209,394.916820702403,402.647874306839,410.480591497227,..,..
Population density (people per sq. km of land area),EN.POP.DNST,Italy,ITA,192.850430111183,193.608201013226,201.874784116407,202.419653906303,204.779859930645,206.667369279935,206.468287210172,206.117828245053,205.809169103148,205.418372203713,..,..
Population density (people per sq. km of land area),EN.POP.DNST,Jamaica,JAM,223.444690674054,245.124746075716,260.935272391505,262.431394275162,263.962049861496,265.478855032318,266.945614035088,268.350692520776,269.700184672207,270.993074792244,..,..
Population density (people per sq. km of land area),EN.POP.DNST,Japan,JPN,338.828853538124,347.991769547325,350.654908038568,350.090520078999,349.585802062761,349.122229536976,348.751920122888,348.350096006144,347.777586679833,347.073458415624,..,..
Population density (people per sq. km of land area),EN.POP.DNST,Jordan,JOR,40.4112647325476,58.0518245693563,86.3159608019824,91.1339490876323,95.9722910565443,100.473631448524,104.3768303672,107.585796350529,110.150630772697,112.14249831043,..,..
Population density (people per sq. km of land area),EN.POP.DNST,Kazakhstan,KAZ,6.05548764677557,5.51306663703374,6.13297810867874,6.21998333148128,6.31016409230655,6.40378004963514,6.49805756195133,6.59112308775049,6.68140015557284,6.76982572137645,..,..
Population density (people per sq. km of land area),EN.POP.DNST,Kenya,KEN,41.6849615208912,56.1629071933092,75.8657922479531,77.9130091014513,79.9801261552518,82.0535913834909,84.1240046385775,86.1856239238149,88.2409828864603,90.2994166637383,..,..
Population density (people per sq. km of land area),EN.POP.DNST,Kiribati,KIR,89.3827160493827,104.192592592593,129.293827160494,131.320987654321,133.197530864198,135.050617283951,136.950617283951,138.918518518519,140.935802469136,143.020987654321,..,..
Population density (people per sq. km of land area),EN.POP.DNST,"Korea, Dem. People’s Rep.",PRK,168.53296237854,190.425006228719,204.911427622291,205.968042521385,207.038053317831,208.103579436924,209.150676854082,210.17975251225,211.194958890458,212.190175234615,..,..
Population density (people per sq. km of land area),EN.POP.DNST,"Korea, Rep.",KOR,444.425492432096,487.332687124197,513.804280275749,515.875583187751,517.612290578727,520.852499230217,523.525547744882,525.370051470148,526.848248951154,529.358501289308,..,..
Population density (people per sq. km of land area),EN.POP.DNST,Kosovo,XKX,171.029668411867,156.149536144025,164.508128961146,165.987508037108,166.99889776798,166.507853403141,164.250574079177,163.27335354092,164.508404519151,..,..,..
Population density (people per sq. km of land area),EN.POP.DNST,Kuwait,KWT,117.583838383838,114.765600448934,177.781144781145,187.926655443322,197.888664421998,207.123512906846,215.240796857464,222.046857463524,227.614983164983,232.172390572391,..,..
Population density (people per sq. km of land area),EN.POP.DNST,Kyrgyz Republic,KGZ,22.8946819603754,25.5391032325339,28.7518248175182,29.2346193952033,29.8206465067779,30.4249217935349,31.0578727841502,31.6970802919708,32.3159541188738,32.9655891553702,..,..
Population density (people per sq. km of land area),EN.POP.DNST,Lao PDR,LAO,18.4509185441941,23.0662911611785,27.5024566724437,27.9225736568458,28.3418717504333,28.7684402079723,29.2078162911612,29.6613778162912,30.125801559792,30.5957842287695,..,..
Population density (people per sq. km of land area),EN.POP.DNST,Latvia,LVA,42.8186860891376,38.0659521967043,33.1142926045016,32.7166130588614,32.362871844348,32.0646831778707,31.8032647153426,31.5139433901576,31.2358957864265,30.9934705693149,..,..
Population density (people per sq. km of land area),EN.POP.DNST,Lebanon,LBN,274.002346041056,375.638123167155,508.537927663734,541.410948191593,578.164320625611,612.161290322581,638.580449657869,656.023558162268,665.872238514174,669.494134897361,..,..
Population density (people per sq. km of land area),EN.POP.DNST,Lesotho,LSO,56.1181488801054,66.9566534914361,66.0008893280632,66.3698945981555,66.8155138339921,67.306884057971,67.8201910408432,68.3465415019763,68.8870882740448,69.437812911726,..,..
Population density (people per sq. km of land area),EN.POP.DNST,Liberia,LBR,21.5522425249169,29.5728405315615,41.7093334717608,42.9366590531561,44.106457641196,45.2606416112957,46.4309593023256,47.6203073089701,48.8188122923588,50.0309073920266,..,..
Population density (people per sq. km of land area),EN.POP.DNST,Libya,LBY,2.52148913920684,3.04505211589393,3.55060925014492,3.5723825545313,3.59205189992839,3.61573877263376,3.64772326858156,3.6896938972686,3.74002523386794,3.79563238119054,..,..
Population density (people per sq. km of land area),EN.POP.DNST,Liechtenstein,LIE,179.93125,207.4,226.83125,228.84375,230.8375,232.64375,234.1875,235.3625,236.25,236.9375,..,..
Population density (people per sq. km of land area),EN.POP.DNST,Lithuania,LTU,58.9955009572431,55.8317804722399,48.3153308737745,47.6716508688507,47.1908895093738,46.805538707103,46.3672785315243,45.7876649942685,45.151861559541,44.7230757742448,..,..
Population density (people per sq. km of land area),EN.POP.DNST,Luxembourg,LUX,..,179.547325102881,213.311522633745,218.496296296296,223.604938271605,228.937860082305,234.404938271605,239.511934156379,245.405761316872,250.185185185185,..,..
Population density (people per sq. km of land area),EN.POP.DNST,"Macao SAR, China",MAC,17190.4,21389.1,18422.4748576286,18864.1805418385,19055.1816980769,19478.8120651133,19805.4278801043,20159.0792003315,20479.7699938293,20777.5002607232,..,..
Population density (people per sq. km of land area),EN.POP.DNST,Madagascar,MDG,19.9446865219933,27.1121608143894,37.373932398869,38.4098196100001,39.4658869027157,40.5463853557924,41.6536404262633,42.788552767274,43.9507390855964,45.1398556204881,..,..
Population density (people per sq. km of land area),EN.POP.DNST,Malawi,MWI,99.7507424692406,118.251569792109,158.698684768774,163.300859142978,168.002428935087,172.778319898176,177.612462876538,182.491397963513,187.423207467119,192.440761561307,..,..
Population density (people per sq. km of land area),EN.POP.DNST,Malaysia,MYS,54.8769563232385,70.5958210318064,87.2042459290823,88.4740800486988,89.693720894841,90.9041515751027,92.1350235884949,93.3946248668391,94.6736508902755,95.9628214883579,..,..
Population density (people per sq. km of land area),EN.POP.DNST,Maldives,MDV,743.86,931.326666666667,1268.31666666667,1324.12333333333,1385.31,1450.05,1516.38333333333,1585.04333333333,1654.67333333333,1718.98666666667,..,..
Population density (people per sq. km of land area),EN.POP.DNST,Mali,MLI,6.92507970070235,8.97109876330735,12.7148976798695,13.0959104729591,13.4813955203698,13.8783468148403,14.2918545472426,14.7234684762209,15.1717306321147,15.635015858186,..,..
Population density (people per sq. km of land area),EN.POP.DNST,Malta,MLT,1106.78125,1219.021875,1300.8375,1312.5875,1331.146875,1357.99375,1390.790625,1422.9875,1462.496875,1514.46875,..,..
Population density (people per sq. km of land area),EN.POP.DNST,Marshall Islands,MHL,..,281.961111111111,314.061111111111,315.094444444444,316.322222222222,317.661111111111,319.105555555556,320.75,322.544444444444,324.516666666667,..,..
Population density (people per sq. km of land area),EN.POP.DNST,Mauritania,MRT,1.97375181915203,2.55187639468322,3.49146017269817,3.59615212962065,3.70378771708548,3.81381197244591,3.92577956728437,4.03952071407781,4.15501503832347,4.27216357815077,..,..
Population density (people per sq. km of land area),EN.POP.DNST,Mauritius,MUS,521.564039408867,584.666502463054,616.947783251231,618.661083743842,620.026108374384,621.149753694581,621.972906403941,622.400492610837,622.962068965517,623.30197044335,..,..
Population density (people per sq. km of land area),EN.POP.DNST,Mexico,MEX,43.1817340980992,50.8757143959464,59.5156629542941,60.3277630597495,61.1266550065588,61.9126664780473,62.6859013863525,63.4447264590139,64.1875171686515,64.9146264050001,..,..
Population density (people per sq. km of land area),EN.POP.DNST,"Micronesia, Fed. Sts.",FSM,..,153.431428571429,147.785714285714,149.294285714286,151.322857142857,153.494285714286,155.564285714286,157.45,159.227142857143,160.914285714286,..,..
Population density (people per sq. km of land area),EN.POP.DNST,Moldova,MDA,103.42763089142,101.813664379984,99.6909052881096,99.6430985817333,99.5470278928858,99.5210227470652,98.7400285644616,97.6127773713728,95.9751280175567,94.2644302783293,94.018880412443,..
Population density (people per sq. km of land area),EN.POP.DNST,Monaco,MCO,14719,16073.5,18012,18230,18450.5,18661,18859,19035,19196,..,..,..
Population density (people per sq. km of land area),EN.POP.DNST,Mongolia,MNG,1.40589677901079,1.54317696130178,1.78323463528927,1.81821043281238,1.85496022039702,1.89249723216355,1.93004389917351,1.9673260125132,2.00428628440485,2.04060866654651,..,..
Population density (people per sq. km of land area),EN.POP.DNST,Montenegro,MNE,45.0834200743494,44.9776951672862,46.1025278810409,46.1413382899628,46.1863940520446,46.2312267657993,46.2571747211896,46.2678810408922,46.2730855018587,46.2622304832714,..,..
Population density (people per sq. km of land area),EN.POP.DNST,Morocco,MAR,55.5847232803047,64.5164216894466,73.452498319516,74.4833027111808,75.5449092538651,76.6129218014788,77.6688393457316,78.7055702442303,79.7250593771006,80.7285189334528,..,..
Population density (people per sq. km of land area),EN.POP.DNST,Mozambique,MOZ,16.5152877743585,22.5233691090821,30.7580139372822,31.616582313894,32.5042918182049,33.426794933747,34.3879574760294,35.3899412497775,36.4315051247489,37.508535313716,..,..
Population density (people per sq. km of land area),EN.POP.DNST,Myanmar,MMR,63.248154665361,71.4871331517581,78.0520366146734,78.716524534946,79.3967829362406,80.0526842040791,80.6650425675262,81.2231671464445,81.7397271390948,82.2386154835549,..,..
Population density (people per sq. km of land area),EN.POP.DNST,Namibia,NAM,1.74046204860985,2.17975561466798,2.61961277314191,2.66586986359606,2.71290796681607,2.76139634879569,2.81177227951269,2.86416815459923,2.91829489001445,2.97374558175127,..,..
Population density (people per sq. km of land area),EN.POP.DNST,Nauru,NRU,475.25,516.85,502.85,513.95,541.05,592.65,623.75,652.45,643.8,635.2,..,..
Population density (people per sq. km of land area),EN.POP.DNST,Nepal,NPL,132.20613986014,167.011580048832,188.639253575166,188.27946982909,187.777509591908,187.700913847227,188.455047087548,190.171824206488,192.724966864318,195.939107080572,..,..
Population density (people per sq. km of land area),EN.POP.DNST,Netherlands,NLD,442.876481042654,471.727280805687,495.049644128114,496.884994068802,498.795844464233,500.593885425942,502.817542297418,505.500563965568,508.497951914515,511.475927574948,..,..
Population density (people per sq. km of land area),EN.POP.DNST,New Caledonia,NCL,9.34896061269147,11.6646608315098,13.914113785558,14.1684901531729,14.4228665207877,14.6635667396061,14.9015317286652,15.1285557986871,15.3364332603939,15.5393873085339,..,..
Population density (people per sq. km of land area),EN.POP.DNST,New Zealand,NZL,12.6459306520831,14.6507918423151,16.6495765447571,16.7411036420949,16.8702290076336,17.1269606167635,17.4535718354791,17.8238578101857,18.2062967604724,18.3851733697923,..,..
Population density (people per sq. km of land area),EN.POP.DNST,Nicaragua,NIC,34.6803556589663,42.1248296493269,49.0530081435932,49.7135283363803,50.3777131460861,51.0448146917068,51.7138108692039,52.3846933687884,53.0567974073459,53.7270483629716,..,..
Population density (people per sq. km of land area),EN.POP.DNST,Niger,NER,6.33661561537854,8.9457306386674,13.5112978605826,14.0484653035446,14.6082379411068,15.1891979158443,15.7903710428673,16.4118086366148,17.0541343648851,17.7176505881424,..,..
Population density (people per sq. km of land area),EN.POP.DNST,Nigeria,NGA,104.540608496108,134.264248932222,178.755416845087,183.61251139146,188.594012758435,193.687651108403,198.883854321069,204.179198919596,209.573559735169,215.064988965381,..,..
Population density (people per sq. km of land area),EN.POP.DNST,North Macedonia,MKD,78.4989382618954,80.0164766024381,82.1763283108644,82.2473433782712,82.3182791435369,82.3860031720857,82.4475812846947,82.503766851705,82.5533703409992,82.5915146708961,..,..
Population density (people per sq. km of land area),EN.POP.DNST,Northern Mariana Islands,MNP,..,124.897826086957,117.417391304348,118.067391304348,119.095652173913,120.228260869565,121.260869565217,122.147826086957,122.960869565217,123.65652173913,..,..
Population density (people per sq. km of land area),EN.POP.DNST,Norway,NOR,11.6127114516559,12.2958000463303,13.5610392282727,13.7403303399718,13.912086861994,14.0698665657304,14.2105725713798,14.3363164960781,14.4525759458847,14.5482916341657,..,..
Population density (people per sq. km of land area),EN.POP.DNST,Oman,OMN,5.85512439418417,7.32786106623586,10.5043877221325,11.3021938610662,12.1641518578352,13.0121486268174,13.7878772213247,14.472436187399,15.075718901454,15.6041453957997,..,..
Population density (people per sq. km of land area),EN.POP.DNST,Pakistan,PAK,139.642902916148,184.650760170195,237.832855956829,242.945043327107,248.10984718763,253.355677926526,258.700399543379,264.149133457866,269.687481838937,275.289318700706,..,..
Population density (people per sq. km of land area),EN.POP.DNST,Palau,PLW,..,41.5326086956522,38.5760869565217,38.3478260869565,38.2739130434783,38.3173913043478,38.4021739130435,38.5326086956522,38.7130434782609,38.9282608695652,..,..
Population density (people per sq. km of land area),EN.POP.DNST,Panama,PAN,33.2384584342211,40.7630885122411,49.8585283831047,50.72133440947,51.593179983858,52.4793516276567,53.3829297820823,54.3055959106807,55.2430858218994,56.1860774818402,..,..
Population density (people per sq. km of land area),EN.POP.DNST,Papua New Guinea,PNG,10.1926401095261,12.9125690058738,16.5000220818796,16.8506867464559,17.1982047431877,17.5478757231816,17.9034911451663,18.2656008479442,18.6327540520249,19.0043633794109,..,..
Population density (people per sq. km of land area),EN.POP.DNST,Paraguay,PRY,10.6302919708029,13.3984419833879,15.9425522275359,16.1628794361943,16.3862975081802,16.6109388371508,16.8355046564309,17.0598338786811,17.2843241882708,17.5083589227284,..,..
Population density (people per sq. km of land area),EN.POP.DNST,Peru,PER,17.24330703125,20.67183125,22.8627484375,23.052178125,23.26092734375,23.50809296875,23.8052609375,24.1609625,24.56585703125,24.99160625,..,..
Population density (people per sq. km of land area),EN.POP.DNST,Philippines,PHL,207.583459100513,261.568081966663,320.522007579569,326.03091524969,331.594566857833,337.100103967535,342.466418486099,347.667193211926,352.72919475467,357.688305329175,..,..
Population density (people per sq. km of land area),EN.POP.DNST,Poland,POL,124.427118090698,124.909820758105,124.296296901022,124.300058781268,124.229110740995,124.144273163722,124.061569613639,124.008253045495,124.0237303635,124.023482151605,..,..
Population density (people per sq. km of land area),EN.POP.DNST,Portugal,PRT,109.106207650273,112.457901639344,115.269789278305,114.803406485424,114.156134532831,113.541775697936,113.072524887763,112.71638943829,112.441821058412,112.2619412173,..,..
Population density (people per sq. km of land area),EN.POP.DNST,Puerto Rico,PRI,398.759864712514,429.605975197294,414.738669673055,409.750620067644,405.081961668546,398.520180383315,391.570687711387,384.066741826381,374.891319052988,360.017361894025,..,..
Population density (people per sq. km of land area),EN.POP.DNST,Qatar,QAT,41.0230835486649,51.0308354866494,175.354952627046,189.153660637382,201.255297157623,211.817226528854,220.991386735573,228.628251507321,234.687683031869,239.593195521103,..,..
Population density (people per sq. km of land area),EN.POP.DNST,Romania,ROU,101.163440156965,97.701323407775,87.5332493374462,87.201265107382,86.8742903099596,86.5306806328234,86.1248956884562,85.6322453059805,85.132519123783,84.633801286509,..,..
Population density (people per sq. km of land area),EN.POP.DNST,Russian Federation,RUS,9.02805725459809,8.94901570933758,8.72944024102286,8.74414469920076,8.76278525750037,8.78187748941037,8.79880404497318,8.8137962870805,8.82322079860193,8.82206795315588,..,..
Population density (people per sq. km of land area),EN.POP.DNST,Rwanda,RWA,295.455289825699,321.592257803,417.240818808269,427.631860559384,438.246574787191,449.275841102554,460.846007296311,472.99627077422,485.648034049453,498.659870287799,..,..
Population density (people per sq. km of land area),EN.POP.DNST,Samoa,WSM,57.5275618374558,61.6445229681979,66.2434628975265,66.8155477031802,67.3911660777385,67.9226148409894,68.3791519434629,68.7402826855124,69.0289752650177,69.3038869257951,..,..
Population density (people per sq. km of land area),EN.POP.DNST,San Marino,SMR,402.083333333333,457.7,527.683333333333,535.083333333333,542.55,549.133333333333,554.533333333333,558.4,561.183333333333,563.083333333333,..,..
Population density (people per sq. km of land area),EN.POP.DNST,Sao Tome and Principe,STP,124.176041666667,148.189583333333,192.2125,196.254166666667,200.090625,203.882291666667,207.741666666667,211.694791666667,215.717708333333,219.820833333333,..,..
Population density (people per sq. km of land area),EN.POP.DNST,Saudi Arabia,SAU,7.55168652224274,9.61247575231778,13.1496564620945,13.5625076173774,13.9799310598272,14.3820709032465,14.754530653257,15.0917443910517,15.3971721504031,15.6766543082956,..,..
Population density (people per sq. km of land area),EN.POP.DNST,Senegal,SEN,39.0916065028827,50.8893886667013,67.6975484340103,69.609884173895,71.5858307796188,73.6234924427362,75.7204539552278,77.8763205734171,80.0881992416766,82.3474783150678,..,..
Population density (people per sq. km of land area),EN.POP.DNST,Serbia,SRB,86.7367939629545,85.9403841756231,82.7132289046421,82.3127944203064,81.9132403384404,81.529567802424,81.1271781385776,80.7034301394923,80.275074319689,79.8376857992225,..,..
Population density (people per sq. km of land area),EN.POP.DNST,Seychelles,SYC,151.102173913043,176.371739130435,190.089130434783,191.963043478261,195.541304347826,198.60652173913,203.084782608696,205.819565217391,208.354347826087,210.352173913043,..,..
Population density (people per sq. km of land area),EN.POP.DNST,Sierra Leone,SLE,59.847076752563,63.5158077029648,90.9287891382654,92.9977971737323,95.0953172623996,97.2172901080632,99.3615128844555,101.535577722361,103.746619562206,105.987170961485,..,..
Population density (people per sq. km of land area),EN.POP.DNST,Singapore,SGP,4547.95820895522,6011.77164179105,7363.19302222527,7524.69846291471,7636.72168748833,7714.70223171084,7806.77275159112,7908.72056321932,7915.73043612911,7952.9984184018,..,..
Population density (people per sq. km of land area),EN.POP.DNST,Sint Maarten (Dutch part),SXM,..,897.617647058824,983.382352941176,1018.82352941176,1076.67647058824,1108.38235294118,1141.91176470588,1175.55882352941,1193.35294117647,..,..,..
Population density (people per sq. km of land area),EN.POP.DNST,Slovak Republic,SVK,110.170207900208,112.031600831601,112.260526935178,112.451738887712,112.572642236492,112.700686356073,112.803144205344,112.953369384359,113.128785357737,113.285586522463,..,..
Population density (people per sq. km of land area),EN.POP.DNST,Slovenia,SVN,99.2135551142006,98.7549652432969,101.898293699866,102.114051874416,102.281678252234,102.382323733863,102.446108744427,102.524180819215,102.59100635951,102.96366052404,..,..
Population density (people per sq. km of land area),EN.POP.DNST,Solomon Islands,SLB,11.1420507324044,14.7431225437656,19.3469453376206,19.8665237584852,20.4121114683816,20.9745980707395,21.5476241514827,22.1306538049303,22.7237584851733,23.324687388353,..,..
Population density (people per sq. km of land area),EN.POP.DNST,Somalia,SOM,11.5170274492301,14.1426562948321,19.7282207415437,20.2689291293398,20.8239646762521,21.3976089520834,21.9931791373099,22.6123202728983,23.2555217266554,23.9234769024771,..,..
Population density (people per sq. km of land area),EN.POP.DNST,South Africa,ZAF,30.3361737381398,37.0687319160161,42.8691787089169,43.5532441945775,44.2582462966474,44.9645046946228,45.6572612089787,46.3309845106299,46.987817062213,47.6301197767684,..,..
Population density (people per sq. km of land area),EN.POP.DNST,South Sudan,SSD,..,..,..,..,..,..,..,..,..,..,..,..
Population density (people per sq. km of land area),EN.POP.DNST,Spain,ESP,77.8218044209515,81.2983246492986,93.5078358806114,93.5068371284061,93.2009456028468,92.9227364506907,92.9526830143124,93.0492658676261,93.2678044400906,93.6771974435832,..,..
Population density (people per sq. km of land area),EN.POP.DNST,Sri Lanka,LKA,276.284053579971,299.435512677404,325.285759846914,325.70562908627,328.257056290863,331.334715356403,334.396428001914,338.111943868601,341.955031095519,345.558922022006,..,..
Population density (people per sq. km of land area),EN.POP.DNST,St. Kitts and Nevis,KNA,154.846153846154,169.55,190.161538461538,191.85,193.569230769231,195.292307692308,196.938461538462,198.573076923077,200.138461538462,201.684615384615,..,..
Population density (people per sq. km of land area),EN.POP.DNST,St. Lucia,LCA,226.262295081967,256.932786885246,287.777049180328,289.583606557377,291.004918032787,292.288524590164,293.649180327869,295.12131147541,296.647540983607,298.17868852459,..,..
Population density (people per sq. km of land area),EN.POP.DNST,St. Martin (French part),MAF,579.411764705882,531.893382352941,688.345588235294,680.3125,670.091911764706,662.040441176471,659.154411764706,662.959558823529,672.058823529412,..,..,..
Population density (people per sq. km of land area),EN.POP.DNST,St. Vincent and the Grenadines,VCT,275.6,276.369230769231,277.733333333333,278.038461538462,278.517948717949,279.130769230769,279.866666666667,280.664102564103,281.607692307692,282.589743589744,..,..
Population density (people per sq. km of land area),EN.POP.DNST,Sudan,SDN,..,..,..,..,..,..,..,..,..,..,..,..
Population density (people per sq. km of land area),EN.POP.DNST,Suriname,SUR,2.59723717948718,3.01887179487179,3.43062179487179,3.46953205128205,3.50830128205128,3.54665384615385,3.58420512820513,3.62104487179487,3.65705769230769,3.69222435897436,..,..
Population density (people per sq. km of land area),EN.POP.DNST,Sweden,SWE,20.8579105132329,21.6213603353317,23.027764780426,23.3696027888251,23.5684661462169,23.8052343423928,24.0582995752621,24.3624880312293,24.6929807763129,24.9814981218237,..,..
Population density (people per sq. km of land area),EN.POP.DNST,Switzerland,CHE,169.888415237083,181.769309217415,200.232761525969,202.370199472944,204.710643792066,207.223625813169,209.596006562314,211.89740340796,213.883991070172,215.465350480429,..,..
Population density (people per sq. km of land area),EN.POP.DNST,Syrian Arab Republic,SYR,67.7232070954402,89.296158450321,114.812209333987,111.324625605838,106.650732451125,101.920557643087,98.009083483091,95.0494635952731,92.9477863094266,92.0671077710614,..,..
Population density (people per sq. km of land area),EN.POP.DNST,Tajikistan,TJK,37.7523149471278,44.4151257502143,54.9979279794227,56.264897113461,57.5862317805087,59.4644505373958,60.9123712083003,62.4222134159522,63.9834858419194,65.5727141724908,..,..
Population density (people per sq. km of land area),EN.POP.DNST,Tanzania,TZA,28.4532004967261,37.8179950327388,51.5616820952811,53.1186283585459,54.7327455407541,56.4007925039512,58.1199288778505,59.8902573944457,61.7113411605329,63.5790787988259,..,..
Population density (people per sq. km of land area),EN.POP.DNST,Thailand,THA,110.705212472352,123.22151930944,132.158355027501,132.779966333262,133.383900643974,133.959815224412,134.499620270508,135.002311652215,135.469196891699,135.897206835131,..,..
Population density (people per sq. km of land area),EN.POP.DNST,Timor-Leste,TLS,49.6176193678547,59.4731674512441,74.8588433086752,76.1932750504371,77.558507061197,78.9731674512441,80.4507061197041,81.9965030262273,83.6086751849361,85.270477471419,..,..
Population density (people per sq. km of land area),EN.POP.DNST,Togo,TGO,69.3934914506343,90.5387387387387,121.271244714102,124.541404669976,127.867641110498,131.23730465159,134.641625298768,138.075969847398,141.542103327818,145.046773303916,..,..
Population density (people per sq. km of land area),EN.POP.DNST,Tonga,TON,132.040277777778,136.073611111111,143.836111111111,142.690277777778,141.344444444444,140.316666666667,139.973611111111,140.4625,141.663888888889,143.329166666667,..,..
Population density (people per sq. km of land area),EN.POP.DNST,Trinidad and Tobago,TTO,238.034307992203,247.008382066277,260.463547758285,262.147563352827,263.879142300195,265.563742690058,267.120467836257,268.530994152047,269.799610136452,270.927485380117,..,..
Population density (people per sq. km of land area),EN.POP.DNST,Tunisia,TUN,53.0541709577755,62.4893795056643,69.1418640576725,69.8184989701339,70.5004570030896,71.2100991246138,71.9615666838311,72.7596936148301,73.5932221936148,74.4413233779609,..,..
Population density (people per sq. km of land area),EN.POP.DNST,Turkey,TUR,70.0619258604784,82.1696061743955,95.4274950300794,96.9985785377389,98.6559307719294,100.349397762561,102.035275392072,103.714413419435,105.377768538129,106.960128893104,..,..
Population density (people per sq. km of land area),EN.POP.DNST,Turkmenistan,TKM,7.83939522907667,9.61022492711681,11.0103313259422,11.2099674419594,11.4195199285,11.6322175643181,11.8427999914881,12.0493945906837,12.2521843678846,12.4505947694337,..,..
Population density (people per sq. km of land area),EN.POP.DNST,Turks and Caicos Islands,TCA,12.7484210526316,21.2252631578947,35.1336842105263,35.8589473684211,36.5589473684211,37.2305263157895,37.8747368421053,38.4831578947368,39.0684210526316,39.6473684210526,..,..
Population density (people per sq. km of land area),EN.POP.DNST,Tuvalu,TUV,297.1,313.133333333333,354.433333333333,357.966666666667,361.9,365.733333333333,369.966666666667,374.166666666667,379,383.6,..,..
Population density (people per sq. km of land area),EN.POP.DNST,Uganda,UGA,86.8544717481607,118.363305139883,166.95052363854,172.347735886695,178.013395172551,184.082126471175,190.63162278077,197.723449032515,205.27860063834,213.061734490325,..,..
Population density (people per sq. km of land area),EN.POP.DNST,Ukraine,UKR,89.5683093121602,84.8821955639941,78.8960954222191,78.7014810467445,78.5224884347166,78.1511091163321,77.9472043363428,77.6893680194721,77.389796129745,77.0296708039151,..,..
Population density (people per sq. km of land area),EN.POP.DNST,United Arab Emirates,ARE,25.7453111799493,44.1292875246409,125.975457617573,128.718614474796,129.511546043368,129.740566037736,130.426640382991,131.807659814137,133.584947901999,135.609110109828,..,..
Population density (people per sq. km of land area),EN.POP.DNST,United Kingdom,GBR,236.628719050965,243.427908899268,261.475674781962,263.300190137643,265.069536642831,267.028884388046,269.153139337825,271.200731616583,273.049472988054,274.708981936924,..,..
Population density (people per sq. km of land area),EN.POP.DNST,United States,USA,27.2545136128993,30.7973013298523,34.0595352569358,34.3081426238218,34.5445726773232,34.7968069685223,35.0519778254415,35.3040869447341,35.5275628537883,35.7136220923495,..,..
Population density (people per sq. km of land area),EN.POP.DNST,Uruguay,URY,17.7671180436522,18.9677522568849,19.2488515598217,19.3062164324077,19.366009598903,19.4288309907439,19.4949662895669,19.5642326591247,19.635733059079,19.7080276539824,..,..
Population density (people per sq. km of land area),EN.POP.DNST,Uzbekistan,UZB,48.2134461683122,57.9464033850494,68.968970380818,69.9917724494593,71.093559003291,72.3030089327692,73.575223319229,74.8657733897508,76.1368124118477,77.4708509637988,..,..
Population density (people per sq. km of land area),EN.POP.DNST,Vanuatu,VUT,12.02403609516,15.1740771123872,19.9059064807219,20.4675143560295,21.0529122231337,21.647908121411,22.2420016406891,22.8326497128794,23.4216570959803,24.0098441345365,..,..
Population density (people per sq. km of land area),EN.POP.DNST,"Venezuela, RB",VEN,22.2579955784819,27.4275222493056,32.7513961793549,33.2888713791735,33.7663068987019,34.0628467773936,34.1044487273964,33.8372870018706,33.3205702624568,32.7307919052208,..,..
Population density (people per sq. km of land area),EN.POP.DNST,Vietnam,VNM,208.881569326247,256.897100237896,286.617734705067,289.620043861064,292.687044860838,295.786741703486,298.890818202341,301.992208211049,305.08156867804,308.125245912213,..,..
Population density (people per sq. km of land area),EN.POP.DNST,Virgin Islands (U.S.),VIR,297.037142857143,310.405714285714,309.405714285714,309.117142857143,308.697142857143,308.24,307.742857142857,307.171428571429,306.48,305.648571428571,..,..
Population density (people per sq. km of land area),EN.POP.DNST,West Bank and Gaza,PSE,328.612624584718,485.407475083056,645.014285714286,661.129235880399,677.194019933555,693.255481727575,709.317607973422,725.429900332226,740.000830564784,758.984551495017,..,..
Population density (people per sq. km of land area),EN.POP.DNST,"Yemen, Rep.",YEM,22.1792772316609,32.9736007727712,45.0926908725875,46.3533496221376,47.6298066178003,48.9108945584029,50.1882474383014,51.4578669242571,52.7204594958047,53.9778529083092,..,..
Population density (people per sq. km of land area),EN.POP.DNST,Zambia,ZMB,10.8110749404754,14.0114125828973,18.8638440118915,19.4583206661376,20.0789679710515,20.7155772878301,21.3607406610258,22.012008501594,22.6713945573656,23.3414789007116,..,..
Population density (people per sq. km of land area),EN.POP.DNST,Zimbabwe,ZWE,26.9676127698074,30.7133953728835,33.3315652061523,33.9023678428331,34.5104200594546,35.1213157554608,35.7105570634613,36.2682952048598,36.8017190125372,37.3245909267158,..,..
Population density (people per sq. km of land area),EN.POP.DNST,Arab World,ARB,19.8171097611641,25.1298017849485,32.3301222985889,33.0676698508134,33.8037852666541,34.5339783638239,35.2568969470266,35.9687645054368,36.6698042509624,37.3723656324824,..,..
Population density (people per sq. km of land area),EN.POP.DNST,Caribbean small states,CSS,14.8431591947635,16.0886476472768,17.3456341855008,17.4698308015314,17.5949932073608,17.718764974682,17.8392145238977,17.9557490428554,18.0683858219093,18.1769988884772,..,..
Population density (people per sq. km of land area),EN.POP.DNST,Central Europe and the Baltics,CEB,100.235809077629,98.148511682262,94.3444760307422,94.1445062126306,93.8523755293138,93.6566150254285,93.4414333991932,93.2029365655183,92.9716130286946,92.7891540721796,..,..
Population density (people per sq. km of land area),EN.POP.DNST,Early-demographic dividend,EAR,61.2158374987909,74.6846723313213,89.1425493565679,90.4396974825924,91.7309932540103,93.0208757817046,94.3029732499943,95.5784286438542,96.8462319064013,98.1111446072454,..,..
Population density (people per sq. km of land area),EN.POP.DNST,East Asia & Pacific,EAS,74.6798958198856,83.963207113524,91.100974839123,91.7220917774509,92.3463423562311,92.9792527673597,93.6095942221792,94.2128067210211,94.8527104795683,95.428211475338,..,..
Population density (people per sq. km of land area),EN.POP.DNST,East Asia & Pacific (excluding high income),EAP,100.774439182046,114.135259385207,124.423402332881,125.326589123217,126.240208502461,127.162462456164,128.079456907017,129.01664513356,129.961691848672,130.809797542712,..,..
Population density (people per sq. km of land area),EN.POP.DNST,East Asia & Pacific (IDA & IBRD countries),TEA,100.25802442192,113.549852831405,123.805786171247,124.707794962412,125.620232311366,126.541439265463,127.457466065032,128.393981707491,129.338478726806,130.185452991291,..,..
Population density (people per sq. km of land area),EN.POP.DNST,Euro area,EMU,117.65595205865,119.998518021507,125.275502142958,125.538460838468,125.900047303276,126.334507725883,126.744279949659,127.096478819702,127.351000451892,127.60466912955,..,..
Population density (people per sq. km of land area),EN.POP.DNST,Europe & Central Asia,ECS,30.7604573429129,31.3774233627961,32.4362454416665,32.5723065753623,32.7264614227309,32.8862586209865,33.0436546698582,33.1961001205185,33.330235971966,33.4651318902801,..,..
Population density (people per sq. km of land area),EN.POP.DNST,Europe & Central Asia (excluding high income),ECA,16.1173920517162,16.4797369196904,16.9768356564674,17.0815333704739,17.1966883240719,17.3124312994397,17.4300860866388,17.5450525671193,17.6530918103949,17.7575359364548,..,..
Population density (people per sq. km of land area),EN.POP.DNST,Europe & Central Asia (IDA & IBRD countries),TEC,18.5762717030076,18.889964588186,19.2580542335932,19.3557217595016,19.4631580286123,19.5707645631075,19.6787086942875,19.7837955582963,19.8820872853421,19.9783003024588,..,..
Population density (people per sq. km of land area),EN.POP.DNST,European Union,EUU,105.978396248417,107.336905841521,110.216613112506,110.47081317817,110.701329681599,110.979187295548,111.237160338087,111.46211678513,111.62313331474,111.784864172318,..,..
Population density (people per sq. km of land area),EN.POP.DNST,Fragile and conflict affected situations,FCS,23.5042142565781,30.4281577408739,40.0534392583778,41.0457953468654,42.0527608185274,43.0623487010729,44.0690229628348,45.0693308437244,46.0692633905028,47.1192202909152,..,..
Population density (people per sq. km of land area),EN.POP.DNST,Heavily indebted poor countries (HIPC),HPC,20.3735128816643,27.1426891782545,36.9370628649058,37.9884863072531,39.0713406932401,40.1832584900496,41.3221159053859,42.4878378477195,43.6800362578348,44.8957816454125,..,..
Population density (people per sq. km of land area),EN.POP.DNST,High income,HIC,29.1529068341052,31.1308434692567,33.4952991230106,33.6900894481507,33.8827475908158,34.0818309557608,34.2759762770251,34.4583340601531,34.6273336387767,34.7828915090845,..,..
Population density (people per sq. km of land area),EN.POP.DNST,IBRD only,IBD,48.8940932711109,56.1772814512373,63.0032494164788,63.629533077616,64.2604754951952,64.8886032274506,65.5097682436906,66.1280356354126,66.7392794072784,67.3182539735776,..,..
Population density (people per sq. km of land area),EN.POP.DNST,IDA & IBRD total,IBT,46.0994802006494,54.2604577882237,62.864923597599,63.6796373317931,64.503842327106,65.3344542680611,66.1679429967244,67.0085178596984,67.8526234839248,68.6893426488107,..,..
Population density (people per sq. km of land area),EN.POP.DNST,IDA blend,IDB,63.7383938645617,82.4314168861873,106.94175498985,109.474944671657,112.058842121404,114.695676722273,117.380135580187,120.106727285627,122.869640703351,125.673773106878,..,..
Population density (people per sq. km of land area),EN.POP.DNST,IDA only,IDX,30.8022300736072,39.8705323768771,51.6246465565204,52.7648902767682,53.9237147199241,55.1133730092649,56.3345212928066,57.593612463241,58.8898590654963,60.2598970012306,..,..
Population density (people per sq. km of land area),EN.POP.DNST,IDA total,IDA,37.2316066770869,48.1808375071773,62.4262317101822,63.8385405725111,65.2756689311038,66.748525502322,68.2554249823816,69.8010729106559,71.3837278480299,73.040031848536,..,..
Population density (people per sq. km of land area),EN.POP.DNST,Late-demographic dividend,LTE,41.4953344210312,45.9338217153721,49.2795661447927,49.5740512087502,49.8730430738837,50.1778526403759,50.4820106459231,50.7965556478893,51.113749947218,51.3903057639957,..,..
Population density (people per sq. km of land area),EN.POP.DNST,Latin America & Caribbean,LCN,22.0129566840026,25.9896269089688,29.7641142625839,30.0919302432327,30.4197386670432,30.7395572406173,31.0539331292146,31.3626976622031,31.6653783196066,31.9613025849615,..,..
Population density (people per sq. km of land area),EN.POP.DNST,Latin America & Caribbean (excluding high income),LAC,21.8991346815539,25.9152554553048,29.7491598736934,30.0831956266893,30.4167567075886,30.7418975199972,31.0602017568812,31.3712479093198,31.6755658178457,31.9747453721108,..,..
Population density (people per sq. km of land area),EN.POP.DNST,Latin America & the Caribbean (IDA & IBRD countries),TLA,21.4008377513487,25.3555585042266,29.1473178317821,29.4773557168694,29.804179170762,30.1269744293021,30.4450724030951,30.7581487916824,31.0662313649856,31.3695271168867,..,..
Population density (people per sq. km of land area),EN.POP.DNST,Least developed countries: UN classification,LDC,28.4895955944795,36.997125473676,48.2166351050327,49.3653451597916,50.54369688951,51.7500903304823,52.983280957349,54.2431328378037,55.5297414713504,56.8413289019083,..,..
Population density (people per sq. km of land area),EN.POP.DNST,Low & middle income,LMY,46.1878169826746,54.4915559793768,63.25345149809,64.081390107835,64.9204350460034,65.764509779649,66.6113437848023,67.4650109417233,68.3218499636781,69.1714007291716,..,..
Population density (people per sq. km of land area),EN.POP.DNST,Low income,LIC,24.252199353947,32.1162517256457,43.5842540240795,44.7088394065045,45.8476989568071,47.0184082492209,48.2222686670728,49.4650321436737,50.7453312932772,52.0668028036382,..,..
Population density (people per sq. km of land area),EN.POP.DNST,Lower middle income,LMC,80.4577628942029,98.3490279814491,118.10415706633,119.930413349525,121.769787685082,123.613426061628,125.468177369023,127.32927530852,129.193114294168,131.060701635225,..,..
Population density (people per sq. km of land area),EN.POP.DNST,Middle East & North Africa,MEA,22.6447469898621,28.0883465983743,35.0995115046893,35.8149282096288,36.5286591453917,37.2373829413598,37.9403091435777,38.6331305941498,39.3154160837346,39.9977120870057,..,..
Population density (people per sq. km of land area),EN.POP.DNST,Middle East & North Africa (excluding high income),MNA,26.1754520508009,32.3092980747206,39.2088680149237,39.9251047298548,40.6545093259537,41.3879987886544,42.1214955421037,42.8506758252235,43.5763129202665,44.3111694561864,..,..
Population density (people per sq. km of land area),EN.POP.DNST,Middle East & North Africa (IDA & IBRD countries),TMN,25.9646754079686,31.9935217042992,38.7865357846782,39.4920374140443,40.2107412108224,40.9335446669565,41.6563549556946,42.374810791177,43.0907955401571,43.8129297485221,..,..
Population density (people per sq. km of land area),EN.POP.DNST,Middle income,MIC,49.6377307088673,58.0131822504917,66.3498614867341,67.1311215568081,67.9230626602751,68.7154446068298,69.5060773507238,70.2984926634,71.0886723550849,71.8643042473766,..,..
Population density (people per sq. km of land area),EN.POP.DNST,North America,NAC,15.1964442835405,17.1406013666898,18.9661240862873,19.1113598915487,19.2501495533345,19.3960797838528,19.5386009877527,19.6872795897404,19.8230935896869,19.9446030981652,..,..
Population density (people per sq. km of land area),EN.POP.DNST,Not classified,INX,..,..,..,..,..,..,..,..,..,..,..,..
Population density (people per sq. km of land area),EN.POP.DNST,OECD members,OED,31.0530345866357,33.6283578403826,36.372444451017,36.6007530842987,36.833889932157,37.0793794114717,37.3237268398614,37.5609983254598,37.7921834203792,38.0106362270782,..,..
Population density (people per sq. km of land area),EN.POP.DNST,Other small states,OSS,8.54770909869737,10.2921679585519,13.1225175522821,13.4077962000093,13.6798696546316,13.9603128111125,14.2479210539112,14.5400849448343,14.8383003899119,15.1392178420061,..,..
Population density (people per sq. km of land area),EN.POP.DNST,Pacific island small states,PSS,26.9540566337894,30.5677881619938,34.9189719626168,35.3381308411215,35.7648130841121,36.2170716510903,36.6927102803738,37.2010436137072,37.7271962616822,38.2767445482866,..,..
Population density (people per sq. km of land area),EN.POP.DNST,Post-demographic dividend,PST,30.6589316508763,32.412307495602,34.2493817511097,34.396513907021,34.5491840407145,34.7061555807482,34.8613607025828,35.0043403668486,35.1332284224799,35.2498297631402,..,..
Population density (people per sq. km of land area),EN.POP.DNST,Pre-demographic dividend,PRE,23.3288247477182,30.9505418592004,42.3466481342682,43.5971706608337,44.8861832160592,46.2035851717826,47.5430449453838,48.902542900271,50.2836403648326,51.6874400219725,..,..
Population density (people per sq. km of land area),EN.POP.DNST,Small states,SST,10.0258976742081,11.7507221008246,14.3662638964924,14.6288912791759,14.8806236175065,15.1401141803609,15.4054855861224,15.6747547811793,15.9487794918474,16.2249486536738,..,..
Population density (people per sq. km of land area),EN.POP.DNST,South Asia,SAS,237.141171347025,291.403791957698,348.214942810318,352.870158057242,357.486015666216,362.06917905271,366.632890589216,371.189058095032,375.730175506376,380.247133746081,..,..
Population density (people per sq. km of land area),EN.POP.DNST,South Asia (IDA & IBRD),TSA,237.141171347025,291.403791957698,348.214942810318,352.870158057242,357.486015666216,362.06917905271,366.632890589216,371.189058095032,375.730175506376,380.247133746081,..,..
Population density (people per sq. km of land area),EN.POP.DNST,Sub-Saharan Africa,SSF,23.9839213448185,31.3222227771283,42.0408250383071,43.2026924413357,44.3943622838012,45.6145052330678,46.861950891294,48.1362001614162,49.4367679749432,50.7620843086558,..,..
Population density (people per sq. km of land area),EN.POP.DNST,Sub-Saharan Africa (excluding high income),SSA,23.9336097945246,31.2661929634726,41.9826719715387,43.1444712503067,44.3360728507859,45.5561850633283,46.8036013023405,48.0778998609297,49.3785115736808,50.7039075235864,..,..
Population density (people per sq. km of land area),EN.POP.DNST,Sub-Saharan Africa (IDA & IBRD countries),TSS,23.9839213448185,31.3222227771283,42.0408250383071,43.2026924413357,44.3943622838012,45.6145052330678,46.861950891294,48.1362001614162,49.4367679749432,50.7620843086558,..,..
Population density (people per sq. km of land area),EN.POP.DNST,Upper middle income,UMC,37.8985515833651,42.6536796319458,46.6416896957043,47.0249870951051,47.4172462170245,47.809281079464,48.1946699821538,48.5800803755951,48.9613900830116,49.3169191510541,..,..
Population density (people per sq. km of land area),EN.POP.DNST,World,WLD,41.4681523043355,48.0024341690228,54.9885868717302,55.6411934329939,56.3003165876811,56.9651687234438,57.6308320347069,58.2961567761134,58.9619223504781,59.617977845069,..,..
,,,,,,,,,,,,,,,
,,,,,,,,,,,,,,,
,,,,,,,,,,,,,,,
Data from database: World Development Indicators,,,,,,,,,,,,,,,
Last Updated: 12/16/2020,,,,,,,,,,,,,,,
